product_name,price,barcode,date,source_file,llm_action,pyfooda_name,grams_in_name
185G LAYS S&BL.DEP,2.99,871039852442,2023-01-10,2023_01_10.csv,ignore,,185
BIO ECHALOTE,4.29,5400112394040,2023-01-10,2023_01_10.csv,ignore,,
3X400G TOMAT PEL C,2.39,5400141953790,2023-01-10,2023_01_10.csv,ignore,,1200.0
500ML ERA SIRO BIO,2.99,5400113702995,2023-01-10,2023_01_10.csv,ignore,,500.0
50CC SQC CANE C FT,2.55,5400113719131,2023-01-10,2023_01_10.csv,match,SUGAR,50
185G LAYS NATUREL,1.99,871039852408,2023-01-10,2023_01_10.csv,ignore,,185
AVOCAT,2.78,5400115969242,2023-01-10,2023_01_10.csv,match,AVOCADO,
BASILIC EN POT BIO,2.99,5400113727644,2023-01-10,2023_01_10.csv,match,BASIL,
SAN MARZANO,7.16,2021450007164,2023-01-10,2023_01_10.csv,match,TOMATO,400
5G SM SAFFRAN,9.09,202145,2023-01-10,2023_01_10.csv,ignore,,5.0
70G PATE CURRY JAU,2.99,731131011470,2023-01-10,2023_01_10.csv,ignore,,70.0
MINT-PIMENTS MIX,1.79,885440400022,2023-01-10,2023_01_10.csv,match,CHILI PEPPER,
MINT GRENAILLES 50,1.79,5400112318120,2023-01-10,2023_01_10.csv,match,POTATO,500.0
PROSC CRUDO ITALIA,8.89,5400112380313,2023-01-10,2023_01_10.csv,match,PROSCIUTTO,100
CITRON VERT,0.83,2022990000830,2023-01-10,2023_01_10.csv,match,LEMON,400
MANGUE,1.89,5400119543464,2023-10-21,2023_10_21.csv,match,MANGO,400
MANGUE,1.89,5400119543464,2023-10-21,2023_10_21.csv,match,MANGO,400
PIZZA MOZZA PESTO,5.19,5400119549643,2023-10-21,2023_10_21.csv,match,PIZZA CRUST,
PIZZA MOZZA PESTO,5.19,5400119549643,2023-10-21,2023_10_21.csv,match,PIZZA CRUST,
400G EXQUISE BAG,2.19,5400118210010,2023-10-21,2023_10_21.csv,match,BREAD,400
HET TRAAGSTE BROOD P,4.5,5430000177470,2023-10-21,2023_10_21.csv,match,BREAD,400
HET TRAAGSTE BROOD P,4.5,5430000177470,2023-10-21,2023_10_21.csv,match,BREAD,400
ROSETTE,3.98,2205500037980,2023-10-21,2023_10_21.csv,match,SALAMI,150
ROSETTE,3.98,2205500037980,2023-10-21,2023_10_21.csv,match,SALAMI,150
PLATEAU FAMIGLIA,9.99,5400119555144,2023-10-21,2023_10_21.csv,ignore,,
SALADE POULET,2.19,5400119563113,2023-10-21,2023_10_21.csv,match,CHICKEN,250
SALADE POULET,2.19,5400119563113,2023-10-21,2023_10_21.csv,match,CHICKEN,250
MYRTILLES 500GR,7.49,5400112321233,2023-10-21,2023_10_21.csv,match,BLUEBERRY,500
FIGUE FRAICHE,0.92,5400112321571,2023-10-21,2023_10_21.csv,match,FIG,
FRAMBOIS 125G,2.99,5400112321571,2023-10-21,2023_10_21.csv,match,RASPBERRY,125
FRAISE 500G,4.99,5400357650010,2023-10-21,2023_10_21.csv,match,STRAWBERRY,500
BIO BANANEN,2.59,4014071925871,2023-10-21,2023_10_21.csv,match,BANANA,700
CITRONS,0.56,2013,2023-10-21,2023_10_21.csv,match,LEMON,500
MIKADO CHOC LAIT,2.15,3017760363339,2023-10-21,2023_10_21.csv,match,COOKIE,75
MIKADO CHOC LAIT,2.15,3017760363339,2023-10-21,2023_10_21.csv,match,COOKIE,75
MIKADO CHOC LAIT,2.15,3017760363339,2023-10-21,2023_10_21.csv,match,COOKIE,75
HET TRAAGSTE BROOD,4.0,5430000017739,2023-10-25,2023_10_25.csv,match,BREAD,
NUGGETS,4.49,761328742432,2023-10-25,2023_10_25.csv,match,CHICKEN,300
NUGGETS,4.49,761328742432,2023-10-25,2023_10_25.csv,match,CHICKEN,300
NUGGETS,4.49,761328742432,2023-10-25,2023_10_25.csv,match,CHICKEN,300
NUGGETS,4.49,761328742432,2023-10-25,2023_10_25.csv,match,CHICKEN,300
DRAAIGATS,0.99,501830250506,2023-10-25,2023_10_25.csv,ignore,,
MANDARINES,1.39,501830250506,2023-10-25,2023_10_25.csv,match,CLEMENTINE,500
BIO BANANEN,2.59,401407169271,2023-10-25,2023_10_25.csv,match,BANANA,700
GALBANI MOZZA 125G,1.99,8000430135266,2023-10-25,2023_10_25.csv,match,MOZZARELLA CHEESE,125
CHOUX CHINOIS,1.98,5410011236410,2023-10-25,2023_10_25.csv,match,CABBAGE,500
AVOCAT,1.39,6 x,2023-10-25,2023_10_25.csv,match,AVOCADO,
AVANTAGES,2.49,540011595624,2023-10-25,2023_10_25.csv,ignore,,
6PC POMME PINK LAD,2.49,5449147400141,2023-10-25,2023_10_25.csv,match,APPLE,900
COURGETTES,2.49,"2,49/ Kg",2023-10-25,2023_10_25.csv,match,ZUCCHINI,500
MANGUE,1.89,2160,2023-10-25,2023_10_25.csv,match,MANGO,400
MANGUE,1.89,2160,2023-10-25,2023_10_25.csv,match,MANGO,400
MANGUE,1.89,2160,2023-10-25,2023_10_25.csv,match,MANGO,400
MOZZARELLA MAXI,2.65,0500000004699,2023-10-25,2023_10_25.csv,match,MOZZARELLA CHEESE,250
DLI PIZZA MARGH,4.99,8000430135266,2023-10-25,2023_10_25.csv,match,PIZZA CRUST,
PIZZA MOZZA PESTO,4.99,540011594988,2023-10-25,2023_10_25.csv,match,PIZZA CRUST,
MEERGRANENSTOKB.GROO,2.05,540011595623,2023-10-25,2023_10_25.csv,match,BREAD,400
BRUIN STOKBROOD KLEI,1.75,5410683808851,2023-10-25,2023_10_25.csv,match,BREAD,400
MOZZARELLA MAXI,2.65,8000430135266,2023-10-25,2023_10_25.csv,match,MOZZARELLA CHEESE,250
MEGA CRUNCHY CREAM,2.99,7612100001847,2023-10-25,2023_10_25.csv,match,CREAM,
D365 CREME 20 CL,0.69,5400631743439,2023-10-25,2023_10_25.csv,match,CREAM,200
D365 CREME 20 CL,0.69,5400631743439,2023-10-25,2023_10_25.csv,match,CREAM,200
JAMBON DE FERME,4.13,2205501104316,2023-10-25,2023_10_25.csv,ignore,,250
600G PM DUCH DIL,0.95,540011595108,2023-10-25,2023_10_25.csv,ignore,,600.0
KAKI 4P,3.99,540011595107,2023-10-25,2023_10_25.csv,ignore,,
HERTA BLINIS 2KG,2.99,3154230081325,2023-10-25,2023_10_25.csv,ignore,,2000.0
HERTA LARDNS NATUR,2.79,3154230081325,2023-10-25,2023_10_25.csv,match,PORK,200
HERTA LARDNS NATUR,2.79,3154230081325,2023-10-25,2023_10_25.csv,match,PORK,200
HERTA LARDNS NATUR,2.79,3154230081325,2023-10-25,2023_10_25.csv,match,PORK,200
1.5L VICHY CELEST,1.45,310322106551,2023-10-25,2023_10_25.csv,ignore,,1500.0
D365 CREME 20 CL,0.69,5400631743439,2023-10-25,2023_10_25.csv,match,CREAM,200
500G SP 3X LAIT CHO,5.49,505399105975,2023-10-25,2023_10_25.csv,ignore,,500.0
SAL. PRINTANIERE /J,1.95,540011229860,2023-10-25,2023_10_25.csv,ignore,,
SALADE POULET,2.99,540011595113,2023-10-25,2023_10_25.csv,match,CHICKEN,400
D365 CREME 20 CL,0.69,5400631743439,2023-10-25,2023_10_25.csv,match,CREAM,200
CARPACCIO,3.78,2043856033787,2023-10-25,2023_10_25.csv,match,BEEF,120
HACHIS BOEUF&PORC,9.5,2040857095002,2023-10-25,2023_10_25.csv,match,BEEF,500
HACHIS BOEUF&PORC,10.04,2040850100486,2023-10-25,2023_10_25.csv,match,BEEF,500
HET TRAAGSTE BROOD P,4.3,5430000177470,2023-10-30,2023_10_30.csv,match,BREAD,400
HET TRAAGSTE BROOD P,4.5,5430000177470,2023-10-30,2023_10_30.csv,match,BREAD,400
CAROTTES BIO,2.19,5400101295000,2023-10-30,2023_10_30.csv,match,CARROT,500
CAROTTES BIO,2.19,5400101295000,2023-10-30,2023_10_30.csv,match,CARROT,500
BM 335G FRAMBOISE,3.75,360858091669,2023-10-30,2023_10_30.csv,ignore,,335.0
ENTREM. DEGUST.250G,7.39,3396319110000,2023-10-30,2023_10_30.csv,ignore,,250.0
100GR JEUNES POUSS,1.99,5400101236733,2023-10-30,2023_10_30.csv,match,SALAD GREENS,100
HARICOTS FINS 400G,3.29,5400141595157,2023-10-30,2023_10_30.csv,ignore,,400.0
MOZZARELLA MAXI,2.75,8000430136262,2023-10-30,2023_10_30.csv,match,MOZZARELLA CHEESE,250
MOZZARELLA MAXI,2.75,8000430136262,2023-10-30,2023_10_30.csv,match,MOZZARELLA CHEESE,250
BOURSIN POIVRE,3.49,3073781041526,2023-10-30,2023_10_30.csv,match,CREAM CHEESE,150
COEUR DOUX LIT GEM,2.99,5400141595765,2023-10-30,2023_10_30.csv,match,LETTUCE,200
CHIPS 147G S&BL.PE,1.95,8710398524822,2023-10-30,2023_10_30.csv,ignore,,147.0
KIWI SUNGOLD XL,5.15,5400101236733,2023-10-30,2023_10_30.csv,match,KIWI,600
MYRTILLES 500GR,7.49,5400101236733,2023-10-30,2023_10_30.csv,match,BLUEBERRY,500
D365 CREME 20 CL,0.69,5400607134439,2023-10-30,2023_10_30.csv,match,CREAM,200
D365 CREME 20 CL,0.69,5400607134439,2023-10-30,2023_10_30.csv,match,CREAM,200
D365 CREME 20 CL,0.69,5400607134439,2023-10-30,2023_10_30.csv,match,CREAM,200
D365 CREME 20 CL,0.69,5400607134439,2023-10-30,2023_10_30.csv,match,CREAM,200
580G CHOCOS,5.49,5400359047483,2023-10-30,2023_10_30.csv,ignore,,580.0
500G SP K LAIT CHO,4.95,5053990129575,2023-10-30,2023_10_30.csv,match,MILK CHOCOLATE,500
360G CRUNCHY CREAM,2.99,7612100011847,2023-10-30,2023_10_30.csv,match,CREAM,360
185G LAYS NATUREL,2.09,8710398524080,2023-10-30,2023_10_30.csv,ignore,,185
OEUFS BIO 12 PCS,5.25,5400101591283,2023-10-30,2023_10_30.csv,match,EGG,720
240G GAUF VANI CHO,4.65,5410216004118,2023-10-30,2023_10_30.csv,ignore,,240.0
ROTI DE VEAU,19.78,2040323019738,2023-10-30,2023_10_30.csv,match,VEAL,700
D365 CREME 20 CL,0.69,5400607134439,2023-10-30,2023_10_30.csv,match,CREAM,200
BIO BANANEN,2.59,401107192271,2023-10-30,2023_10_30.csv,match,BANANA,700
LINDT EXCELLENCE,2.29,3046920028366,2023-10-30,2023_10_30.csv,ignore,,
LINDT EXCELLENCE,2.29,3046920028366,2023-10-30,2023_10_30.csv,ignore,,
OEUFS BIO 12 PCS,5.25,5400101591283,2023-10-30,2023_10_30.csv,match,EGG,720
ROSETTE,3.96,2205500003850,2023-10-30,2023_10_30.csv,match,SALAMI,150
ROSETTE,3.85,2205500,2023-10-30,2023_10_30.csv,match,SALAMI,150
DOL PIZZA MARGH,4.99,540011954988,2023-10-30,2023_10_30.csv,match,PIZZA CRUST,
DOL PIZZA MARGH,4.99,540011954988,2023-10-30,2023_10_30.csv,match,PIZZA CRUST,
HERTA JAMBON SUP,4.49,315423080902,2023-10-30,2023_10_30.csv,match,HAM,200
HERTA JAMBON SUP,4.49,315423080902,2023-10-30,2023_10_30.csv,match,HAM,200
400G NUTELLA,2.99,3017620422003,2023-10-30,2023_10_30.csv,match,CHOCOLATE HAZELNUT SPREAD,400
250G PATE TARTINER,4.65,360858007072,2023-10-30,2023_10_30.csv,ignore,,250.0
FAIRBEL 1/2 E,8.09,542502728002,2023-11-01,2023_11_01.csv,match,MILK,
MEERGRANENSTOKB.GROO,2.05,594,2023-11-01,2023_11_01.csv,match,BREAD,400
MEERGRANENSTOKB.GROO,2.05,594,2023-11-01,2023_11_01.csv,match,BREAD,400
D&L MAYO TD,1.25,540011305084,2023-11-01,2023_11_01.csv,match,MAYONNAISE,
500ML HEINZ KETCH,2.89,871570012217,2023-11-01,2023_11_01.csv,ignore,,500.0
ORANGES 4P,2.89,540011233642,2023-11-01,2023_11_01.csv,ignore,,800.0
SOMI MULTIGRAIN 40,2.29,871089200239,2023-11-01,2023_11_01.csv,match,BREAD,400
SOMI MULTIGRAIN 40,2.29,871089200239,2023-11-01,2023_11_01.csv,match,BREAD,400
K&K 40%,2.19,540011555397,2023-11-01,2023_11_01.csv,ignore,,
RAISIN MLK 500G,4.95,540011559756,2023-11-01,2023_11_01.csv,match,RAISIN,500.0
KIWI GOLD,4.45,204904300767,2023-11-01,2023_11_01.csv,match,KIWI,500
FILET PUR DE DORC,7.66,204907490487,2023-11-01,2023_11_01.csv,match,PORK,300
FILET PUR DE DORC,7.48,204914,2023-11-01,2023_11_01.csv,match,PORK,300
POMMES DROLES,3.98,541147400141,2023-11-01,2023_11_01.csv,ignore,,1250
6PC POMME PINK LAD,3.98,541147400141,2023-11-01,2023_11_01.csv,match,APPLE,900
6PC POMME PINK LAD,3.98,541147400141,2023-11-01,2023_11_01.csv,match,APPLE,900
250G TORTELLO TOM,2.59,540011597537,2023-11-01,2023_11_01.csv,match,TORTELLINI,250.0
250G TORTELLO TOM,2.59,540011597537,2023-11-01,2023_11_01.csv,match,TORTELLINI,250.0
TOMATES GRAPPE,2.99,2523,2023-11-01,2023_11_01.csv,match,TOMATO,
DIKKE AJUIN,3.83,9991,2023-11-01,2023_11_01.csv,match,ONION,1000
MANGUE,5.67,540011954346,2023-11-01,2023_11_01.csv,match,MANGO,1250
HACHIS PORC-VEAU,10.52,204804101052,2023-11-01,2023_11_01.csv,match,PORK,500
HACHIS PORC-VEAU,10.78,204804110781,2023-11-01,2023_11_01.csv,match,PORK,500
MOZZARELLA MAXI,2.65,800043031526,2023-11-01,2023_11_01.csv,match,MOZZARELLA CHEESE,250
400G NUTELLA,3.99,301762042200,2023-11-01,2023_11_01.csv,match,CHOCOLATE HAZELNUT SPREAD,400
MOZZARELLA MAXI,2.65,800043031526,2023-11-01,2023_11_01.csv,match,MOZZARELLA CHEESE,250
PAMPLEMOUSSE ROUGE,3.99,2160,2023-11-01,2023_11_01.csv,ignore,,
COURGETTES,2.95,2523,2023-11-01,2023_11_01.csv,match,ZUCCHINI,500
AVOCAT,6.95,540011595624,2023-11-01,2023_11_01.csv,match,AVOCADO,
D&L BEURRE BIO,3.19,540011210050,2023-11-01,2023_11_01.csv,match,BUTTER,400
PRESID BEURRE 250G,4.69,322802201509,2023-11-01,2023_11_01.csv,match,BUTTER,250
200GR. HOUMOUS,1.99,540011238642,2023-11-01,2023_11_01.csv,match,HUMMUS,200.0
BIO BANANEN,2.59,401407169271,2023-11-01,2023_11_01.csv,match,BANANA,700
HET TRAGSTE BROOD P,4.5,450031907142,2023-11-09,2023_11_09.csv,match,BREAD,400
PAIN DE VIANDE,11.52,204093,2023-11-09,2023_11_09.csv,match,MEAT,
PAIN DE VIANDE,10.81,204093,2023-11-09,2023_11_09.csv,match,MEAT,
224G GAUF VANI CHO,4.65,541012601418,2023-11-09,2023_11_09.csv,match,WAFFLE,224
224G GAUF VANI CHO,4.65,541012601418,2023-11-09,2023_11_09.csv,match,WAFFLE,224
MKADO CHOC LAIT,2.15,301776036339,2023-11-09,2023_11_09.csv,match,COOKIE,75
MKADO CHOC LAIT,2.15,301776036339,2023-11-09,2023_11_09.csv,match,COOKIE,75
MKADO CHOC LAIT,2.15,301776036339,2023-11-09,2023_11_09.csv,match,COOKIE,75
D365 CREME 20 CL,0.69,540060173439,2023-11-09,2023_11_09.csv,match,CREAM,200
D365 CREME 20 CL,0.69,540060173439,2023-11-09,2023_11_09.csv,match,CREAM,200
BOI REP LENT RO SO,3.99,540011958132,2023-11-09,2023_11_09.csv,ignore,,
PIZZA MOZZA PESTO,5.19,540011954963,2023-11-09,2023_11_09.csv,match,PIZZA CRUST,
PIZZA MOZZA PESTO,5.19,540011954963,2023-11-09,2023_11_09.csv,match,PIZZA CRUST,
PIZZA MOZZA PESTO,5.19,540011954963,2023-11-09,2023_11_09.csv,match,PIZZA CRUST,
PIZZA MOZZA PESTO,5.19,540011954963,2023-11-09,2023_11_09.csv,match,PIZZA CRUST,
MANGUE,1.89,540011954346,2023-11-09,2023_11_09.csv,match,MANGO,400
D365 CREME 20 CL,0.69,540060173439,2023-11-09,2023_11_09.csv,match,CREAM,200
D365 CREME 20 CL,0.69,540060173439,2023-11-09,2023_11_09.csv,match,CREAM,200
PIZZA MOZZA 125G,1.39,800043013325,2023-11-09,2023_11_09.csv,ignore,,125.0
FILET PUR DE PORC,4.8,204074,2023-11-09,2023_11_09.csv,match,PORK,300
4X125GR ACTIVIA Y.,3.15,541014641775,2023-11-09,2023_11_09.csv,match,YOGURT,500
BIO BAYANEN,2.59,401407169271,2023-11-09,2023_11_09.csv,ignore,,
OEUVS COLUMBUS,3.39,541094600046,2023-11-09,2023_11_09.csv,match,EGG,360
BOITE REPAS POTAGE,4.69,540011956929,2023-11-09,2023_11_09.csv,ignore,,
BOI REP POTAGE PAN,3.99,540011952006,2023-11-09,2023_11_09.csv,ignore,,
D365 CREME 20 CL,0.69,540060173439,2023-11-09,2023_11_09.csv,match,CREAM,200
OEUVS COLUMBUS,3.39,541094600046,2023-11-09,2023_11_09.csv,match,EGG,360
D365 CREME 20 CL,0.69,540060173439,2023-11-09,2023_11_09.csv,match,CREAM,200
FILET PUR DE PORC,5.64,204074,2023-11-09,2023_11_09.csv,match,PORK,300
FILETS PORC-VEAU,10.19,204084,2023-11-09,2023_11_09.csv,match,PORK,400
FILETS PORC-VEAU,10.6,204084,2023-11-09,2023_11_09.csv,match,PORK,400
HACHIS PORC-VEAU,10.6,204084,2023-11-09,2023_11_09.csv,match,PORK,500
HET TRAGSTE BROOD,4.0,45000017739,2023-11-09,2023_11_09.csv,match,BREAD,
HET TRAGSTE BROOD,4.0,45000017739,2023-11-09,2023_11_09.csv,match,BREAD,
750G DLL SEL MA IO,0.75,54001119367,2023-11-09,2023_11_09.csv,ignore,,750.0
500ML BECEL HUILE,3.95,871920002144,2023-11-09,2023_11_09.csv,match,VEGETABLE OIL,500
500ML BECEL HUILE,3.95,871920002144,2023-11-09,2023_11_09.csv,match,VEGETABLE OIL,500
DIK STOKBROOD,1.95,541068373505,2023-11-15,2023_11_15.csv,ignore,,
BRUIN STOKBROOD KLEI,1.75,541068380583,2023-11-15,2023_11_15.csv,match,BREAD,400
BRUIN STOKBROOD KLEI,1.75,541068380583,2023-11-15,2023_11_15.csv,match,BREAD,400
BRUIN STOKBROOD KLEI,1.75,541068380583,2023-11-15,2023_11_15.csv,match,BREAD,400
4OOG NUTELLA,3.25,3017640222000,2023-11-15,2023_11_15.csv,ignore,,
DUO PACK PINK LADY,3.45,540017641613,2023-11-15,2023_11_15.csv,match,APPLE,
DUO PACK PINK LADY,3.45,540017641613,2023-11-15,2023_11_15.csv,match,APPLE,
TOMATE SAN MARZANO,2.89,540011232202,2023-11-15,2023_11_15.csv,match,TOMATO,
HET TRAAGSTE BROOD P,2.89,5430000011794,2023-11-15,2023_11_15.csv,match,BREAD,400
HACHIS PORC-VEAU,10.19,204084,2023-11-15,2023_11_15.csv,match,PORK,500
HACHIS PORC-VEAU,10.25,20408410252,2023-11-15,2023_11_15.csv,match,PORK,500
CARPACCIO,4.53,2043562004534,2023-11-15,2023_11_15.csv,match,BEEF,120
CARPACCIO,4.65,2043560004659,2023-11-15,2023_11_15.csv,match,BEEF,120
AVOCAT,4.65,204356,2023-11-15,2023_11_15.csv,match,AVOCADO,
BIO BANANEN,2.59,540011595624,2023-11-15,2023_11_15.csv,match,BANANA,700
MANGUE,5.67,4014071695271,2023-11-15,2023_11_15.csv,match,MANGO,1250
DINOSAURUS CHOCOLA,1.75,540011954346,2023-11-15,2023_11_15.csv,match,COOKIE,200
DINOSAURUS CHOCOLA,1.75,541012600400,2023-11-15,2023_11_15.csv,match,COOKIE,200
DINOSAURUS CHOCOLA,1.75,541012600400,2023-11-15,2023_11_15.csv,match,COOKIE,200
100GR JEUNES POUSS,1.19,540011236373,2023-11-15,2023_11_15.csv,match,SALAD GREENS,100
CITRONS,0.44,2013,2023-11-15,2023_11_15.csv,match,LEMON,500
HARICOT PRIN 500GR,2.79,S40011231070,2023-11-23,2023_11_23.csv,match,GREEN BEAN,500
HARICOT PRIN 500GR,2.79,S40011231070,2023-11-23,2023_11_23.csv,match,GREEN BEAN,500
HACHIS P&V S/EPICE,8.51,2047291008511,2023-11-23,2023_11_23.csv,match,BEEF,400
HACHIS P&V S/EPICE,8.22,204729,2023-11-23,2023_11_23.csv,match,BEEF,400
6BC POMME PINK LAD,3.99,S40011234383,2023-11-23,2023_11_23.csv,match,APPLE,900
AVOCAT,1.39,S400111956924,2023-11-23,2023_11_23.csv,match,AVOCADO,
AVOCAT,1.39,S400111956924,2023-11-23,2023_11_23.csv,match,AVOCADO,
AVOCAT,1.39,S400111956924,2023-11-23,2023_11_23.csv,match,AVOCADO,
"4 X 1,89",7.56,S40011954346,2023-11-23,2023_11_23.csv,ignore,,
4X50G DLL PAIN BIO,3.39,540011281850,2023-12-02,2023_12_02.csv,match,BREAD,200
4X50G DLL PAIN BIO,3.39,540011281850,2023-12-02,2023_12_02.csv,match,BREAD,200
4X50G DLL PAIN BIO,3.39,540011281850,2023-12-02,2023_12_02.csv,match,BREAD,200
JAMBON A L OS AUTH,4.5,2258840,2023-12-02,2023_12_02.csv,match,HAM,250
JAMBON A L OS AUTH,4.44,2258840004445,2023-12-02,2023_12_02.csv,match,HAM,250
DUO PACK PINK LADY,3.45,370047661163,2023-12-02,2023_12_02.csv,match,APPLE,
MANGUE,1.89,540011954346,2023-12-02,2023_12_02.csv,match,MANGO,400
MRA 30 MELO CAKES,6.99,762230042488,2023-12-02,2023_12_02.csv,ignore,,
PREIS BEURRE FT D,4.49,541115603113,2023-12-02,2023_12_02.csv,match,BUTTER,600
EXCELLENCE 70%,2.19,304652002800,2023-12-02,2023_12_02.csv,ignore,,
EXCELLENCE 70%,2.19,304652002800,2023-12-02,2023_12_02.csv,ignore,,
MANGUE,1.89,540011954346,2023-12-02,2023_12_02.csv,match,MANGO,400
MYRTELLE 150GR,3.59,540011232732,2023-12-02,2023_12_02.csv,match,BLUEBERRY,150
MYRTELLE 150GR,3.59,540011232732,2023-12-02,2023_12_02.csv,match,BLUEBERRY,150
SALADE ROUGET,2.19,540011956141,2023-12-02,2023_12_02.csv,ignore,,
RAISIN ROUGE SA PE,2.39,540011233672,2023-12-02,2023_12_02.csv,match,RAISIN,
MINI BURGER LIMOUS,6.29,540011955376,2023-12-02,2023_12_02.csv,match,BEEF,150
DLL CREME FRAICHE,4.99,540011215210,2023-12-02,2023_12_02.csv,match,CREAM,
NUTELLA,2.49,8013546,2023-12-02,2023_12_02.csv,ignore,,
CLEMENTINES FEUILL,5.99,540011958033,2023-12-02,2023_12_02.csv,ignore,,2000
EXCELLENCE 70%,2.19,304652002800,2023-12-02,2023_12_02.csv,ignore,,
MINI BURGER LIMOUS,6.29,540011955376,2023-12-02,2023_12_02.csv,match,BEEF,150
PREIS BEURRE 250G,4.69,32280201509,2023-12-02,2023_12_02.csv,match,BUTTER,250.0
360G CRUNCHY CREAM,4.99,761210001847,2023-12-02,2023_12_02.csv,match,CREAM,360
FRAMBOISE 125G,2.99,540011953988,2023-12-02,2023_12_02.csv,match,RASPBERRY,125
FRAMBOISE 125G,2.99,540011953988,2023-12-02,2023_12_02.csv,match,RASPBERRY,125
MOZZARELLA MAXI,2.65,800043013526,2023-12-02,2023_12_02.csv,match,MOZZARELLA CHEESE,250
MOZZARELLA MAXI,2.65,800043013526,2023-12-02,2023_12_02.csv,match,MOZZARELLA CHEESE,250
MOZZARELLA MAXI,2.65,800043013526,2023-12-02,2023_12_02.csv,match,MOZZARELLA CHEESE,250
MENTHE GROS PO BIO,2.29,540011237293,2023-12-02,2023_12_02.csv,match,MINT,
CHIQUITA C BANANES,3.24,2004,2023-12-02,2023_12_02.csv,match,BANANA,700
DLL 9R PAPIER WC,3.95,540011368789,2023-12-10,2023_12_10.csv,ignore,,
HET TRAAGSTE BROOD P,4.5,543000017740,2023-12-10,2023_12_10.csv,match,BREAD,400
HET TRAAGSTE BROOD P,4.5,543000017740,2023-12-10,2023_12_10.csv,match,BREAD,400
DES DE POULET,6.87,2205567006870,2023-12-10,2023_12_10.csv,match,CHICKEN,750
DES DE POULET,6.84,2205567006849,2023-12-10,2023_12_10.csv,match,CHICKEN,750
KLEI VADEN,4.99,540011957673,2023-12-10,2023_12_10.csv,ignore,,
COEUR DOUX LIT GEM,2.99,540011957562,2023-12-10,2023_12_10.csv,match,LETTUCE,200
HERTA PATE FNE RON,2.59,315423060057,2023-12-10,2023_12_10.csv,match,PORK,100
OEUVFS BIO 12 PCS,4.69,540011952183,2023-12-10,2023_12_10.csv,match,EGG,720
OEUVFS BIO 12 PCS,4.69,540011952183,2023-12-10,2023_12_10.csv,match,EGG,720
200GR HOUMOUS,1.99,540011238642,2023-12-10,2023_12_10.csv,match,HUMMUS,200
MYRTILLES 500GR,7.49,540011232713,2023-12-10,2023_12_10.csv,match,BLUEBERRY,500
MOZZARELLA 125GR,1.33,800043013303,2023-12-10,2023_12_10.csv,match,MOZZARELLA CHEESE,125
ACTIVIA YOG ENT NA,3.39,541014641600,2023-12-10,2023_12_10.csv,match,YOGURT,150
500G SP K LAIT CHO,5.49,505831902579,2023-12-10,2023_12_10.csv,match,MILK CHOCOLATE,500
TOMATE SAV GRAPPE,4.49,540011238332,2023-12-10,2023_12_10.csv,match,TOMATO,
DESSERT FRAICHE,4.99,540011215210,2023-12-10,2023_12_10.csv,ignore,,
BIO BANANEN,2.59,401407169271,2023-12-10,2023_12_10.csv,match,BANANA,700
MANGUE,1.89,800043013303,2023-12-10,2023_12_10.csv,match,MANGO,400
CAROTTES BIO,2.19,540011239500,2023-12-10,2023_12_10.csv,match,CARROT,500
JAMBON A L OS AUTH,4.5,2258840,2023-12-10,2023_12_10.csv,match,HAM,250
JAMBON A L OS AUTH,4.5,2258840,2023-12-10,2023_12_10.csv,match,HAM,250
JAMBON A L OS AUTH,4.5,2258840,2023-12-10,2023_12_10.csv,match,HAM,250
EM 335G FRAISE,4.55,360858091667,2023-12-10,2023_12_10.csv,match,STRAWBERRY,335
250ML AXE SG MOJIT,4.99,871716394770,2023-12-10,2023_12_10.csv,ignore,,250.0
250ML AXE SG MOJIT,4.99,871716394770,2023-12-10,2023_12_10.csv,ignore,,250.0
HERTA PATE FNE RON,2.59,315423060057,2023-12-10,2023_12_10.csv,match,PORK,100
HERTA PATE FNE RON,2.59,315423060057,2023-12-10,2023_12_10.csv,match,PORK,100
OIGNONS JAUNE 1KG,4.99,540011238332,2023-12-10,2023_12_10.csv,match,ONION,1000
HACHIS PORC-VEAU,11.02,204084,2023-12-10,2023_12_10.csv,match,PORK,500
HACHIS PORC-VEAU,11.25,204084,2023-12-10,2023_12_10.csv,match,PORK,500
250ML AXE SG MOJIT,4.99,871716394770,2023-12-10,2023_12_10.csv,ignore,,250.0
250ML AXE SG MOJIT,4.99,871716394770,2023-12-10,2023_12_10.csv,ignore,,250.0
RAISIN ROUGE SA PE,2.39,540011236672,2023-12-10,2023_12_10.csv,match,RAISIN,
COURGETTES,4.74,2160,2023-12-14,2023_12_14.csv,match,ZUCCHINI,500
4X50G DLL PAIN BIO,3.39,540011281850,2023-12-14,2023_12_14.csv,match,BREAD,200
4X50G DLL PAIN BIO,3.39,540011281850,2023-12-14,2023_12_14.csv,match,BREAD,200
4X50G DLL PAIN BIO,3.39,540011281850,2023-12-14,2023_12_14.csv,match,BREAD,200
HET TRAGSTE BROOD P,4.5,543000017740,2023-12-14,2023_12_14.csv,match,BREAD,400
HET TRAGSTE BROOD P,4.5,543000017740,2023-12-14,2023_12_14.csv,match,BREAD,400
HET TRAGSTE BROOD P,4.5,543000017740,2023-12-14,2023_12_14.csv,match,BREAD,400
CHIQUITA C BANANES,3.88,2020,2023-12-14,2023_12_14.csv,match,BANANA,700
KINZ SUNGOLD XL,5.1,540011955376,2023-12-14,2023_12_14.csv,ignore,,
MINI BURGER LIMOUS,6.29,540011955376,2023-12-14,2023_12_14.csv,match,BEEF,150
MINI BURGER LIMOUS,6.29,540011955376,2023-12-14,2023_12_14.csv,match,BEEF,150
DLL PIZZA MARGH,4.99,540011954988,2023-12-14,2023_12_14.csv,match,PIZZA CRUST,
DLL PIZZA MARGH,4.99,540011954988,2023-12-14,2023_12_14.csv,match,PIZZA CRUST,
DLL OEUVS BIO MIX,2.95,5400110790,2023-12-14,2023_12_14.csv,match,EGG,360
DLL OEUVS BIO MIX,2.95,5400110790,2023-12-14,2023_12_14.csv,match,EGG,360
DLL OEUVS BIO MIX,2.95,5400110790,2023-12-14,2023_12_14.csv,match,EGG,360
HACHIS PORC-VEAU,9.71,204084,2023-12-14,2023_12_14.csv,match,PORK,500
HACHIS PORC-VEAU,9.99,204084,2023-12-14,2023_12_14.csv,match,PORK,500
200GR HOUMOUS,1.99,540011238642,2023-12-14,2023_12_14.csv,match,HUMMUS,200
DLL OEUVS BIO MIX,2.95,5400110790,2023-12-14,2023_12_14.csv,match,EGG,360
6PC POMME PINK LADY,3.98,540011234383,2023-12-14,2023_12_14.csv,match,APPLE,900
DUPACK PINK LADY,3.45,37004761163,2023-12-14,2023_12_14.csv,match,APPLE,
TOMATE SAV GRAPPE,4.49,540011232132,2023-12-14,2023_12_14.csv,match,TOMATO,
AVOCAT,0.0,540011956924,2023-12-14,2023_12_14.csv,match,AVOCADO,
"4 X 1,39",5.56,540011956924,2023-12-14,2023_12_14.csv,ignore,,
MOZZARELLA MAXI,13.25,800043013526,2023-12-17,2023_12_17.csv,match,MOZZARELLA CHEESE,250
FRUIT & LEGUMES,0.49,,2023-12-17,2023_12_17.csv,ignore,,
FRUIT & LEGUMES,0.49,,2023-12-17,2023_12_17.csv,ignore,,
CITRONS,0.65,,2023-12-17,2023_12_17.csv,match,LEMON,500
MYRTILLES 500GR,4.49,5400113127335,2023-12-17,2023_12_17.csv,match,BLUEBERRY,500
ELVEA TOM PEL CUBE,1.25,5400113127335,2023-12-17,2023_12_17.csv,match,TOMATO,
BIO BANANEN,2.29,5400113127335,2023-12-17,2023_12_17.csv,match,BANANA,700
360G CRUNCHY CREAM,4.99,7612100011847,2023-12-17,2023_12_17.csv,match,CREAM,360
HET TRAAGSTE BROOD P,4.5,5430000117400,2023-12-17,2023_12_17.csv,match,BREAD,400
SAN MARZANO,4.39,5430000117400,2023-12-17,2023_12_17.csv,match,TOMATO,400
TOMAT TOAST ROMARIN,2.99,5400146912414,2023-12-17,2023_12_17.csv,ignore,,
HARICOT PRIN 500GR,2.99,5400146912414,2023-12-17,2023_12_17.csv,match,GREEN BEAN,500
HARICOT PRIN 500GR,2.99,5400146912414,2023-12-17,2023_12_17.csv,match,GREEN BEAN,500
BATEIN ROUGE SA PE,2.49,5400171307943,2023-12-17,2023_12_17.csv,ignore,,
OLIVES KALAMATA,2.49,5400171957832,2023-12-17,2023_12_17.csv,ignore,,
1.5L SCHWEPP MOJIT,3.49,3124480108596,2023-12-17,2023_12_17.csv,ignore,,1500.0
HERTA JAMBON SUP,3.99,3154230089022,2023-12-17,2023_12_17.csv,match,HAM,200
400G SAUMON FUM NOR,7.85,5400109165449,2023-12-17,2023_12_17.csv,match,SALMON,400.0
185G LAYS S&L.PEP,1.95,871039852422,2023-12-17,2023_12_17.csv,ignore,,185
CLEMENTINES FEUIL,2.86,871039852422,2023-12-17,2023_12_17.csv,match,CLEMENTINE,500
HET TRAAGSTE BROOD P,4.5,5430000117400,2023-12-17,2023_12_17.csv,match,BREAD,400
DANONE ACT FRAISES,1.95,540014641777,2023-12-17,2023_12_17.csv,match,YOGURT,500
185G LAYS S&L.PEP,1.95,871039852422,2023-12-17,2023_12_17.csv,ignore,,185
AUBERGINES,2.4,2308,2023-12-17,2023_12_17.csv,match,EGGPLANT,400
TOMATE CERISE GRAP,5.49,540011638134,2023-12-17,2023_12_17.csv,match,TOMATO,
BASILIC 20G,1.65,540011638134,2023-12-17,2023_12_17.csv,match,BASIL,20.0
20 NO STRESS BIO,4.89,871039852422,2023-12-17,2023_12_17.csv,ignore,,
185G LAYS S&L.PEP,1.95,871039852422,2023-12-17,2023_12_17.csv,ignore,,185
AUBERGINES,2.4,2308,2023-12-17,2023_12_17.csv,match,EGGPLANT,400
AUBERGINES,2.4,2308,2023-12-17,2023_12_17.csv,match,EGGPLANT,400
HERTA LARDNS NAT,3.49,315423013837,2023-12-17,2023_12_17.csv,match,PORK,200
200GR HOUMOUS,3.99,540011386642,2023-12-17,2023_12_17.csv,match,HUMMUS,200
HERTA LARDNS NAT,3.49,315423013837,2023-12-17,2023_12_17.csv,match,PORK,200
6X25CL JUPILER BAS,6.29,541022821134,2023-12-17,2023_12_17.csv,ignore,,1500.0
VIDEOTEC VAL 0.6E,0.6,217000000001,2023-12-17,2023_12_17.csv,ignore,,
6X33CL SCH GINGER,6.59,3124480108595,2023-12-17,2023_12_17.csv,match,GINGER ALE,1980.0
6X33 SCHWEPPES LEM,5.95,841010604505,2023-12-17,2023_12_17.csv,ignore,,
OIGNONS JAUNE 1KG,4.99,540011231452,2023-12-23,2023_12_23.csv,match,ONION,1000
LINDT EXCELLENCE,2.29,3046920023636,2023-12-23,2023_12_23.csv,ignore,,
LINDT EXCELLENCE,2.29,3046920023636,2023-12-23,2023_12_23.csv,ignore,,
CARLSBERG BEURRE SALE,3.45,5411116500047,2023-12-23,2023_12_23.csv,match,BUTTER,400
LE BEURRE BIO,3.19,5400112108500,2023-12-23,2023_12_23.csv,match,BUTTER,250
LE BEURRE BIO,3.19,5400112108500,2023-12-23,2023_12_23.csv,match,BUTTER,250
DACS 200 BAT OUATE,3.49,5400140007998,2023-12-23,2023_12_23.csv,ignore,,
HACHIS PORC-VEAU,9.96,204084,2023-12-23,2023_12_23.csv,match,PORK,500
HACHIS BOEUF&PORC,10.04,2040850010048,2023-12-23,2023_12_23.csv,match,BEEF,500
HACHIS BOEUF&PORC,10.04,2040850010048,2023-12-23,2023_12_23.csv,match,BEEF,500
HACHIS PORC-VEAU,10.14,2040841010149,2023-12-23,2023_12_23.csv,match,PORK,500
185G LAYS SABL.PEP,1.95,871039852422,2023-12-28,2023_12_28.csv,ignore,,185.0
COURGETTES,4.23,2160,2023-12-28,2023_12_28.csv,match,ZUCCHINI,500
JAMBON A L OS AUTH,4.47,2258840,2023-12-28,2023_12_28.csv,match,HAM,250
JAMBON A L OS AUTH,4.41,2258840,2023-12-28,2023_12_28.csv,match,HAM,250
200GR HOMMOUS,1.99,540011238642,2023-12-28,2023_12_28.csv,ignore,,200.0
NOISETTES D AGNEAU,14.14,204885,2023-12-28,2023_12_28.csv,match,LAMB,200
NOISETTES D AGNEAU,7.91,204885,2023-12-28,2023_12_28.csv,match,LAMB,200
200G NUTELLA,2.49,800006,2023-12-28,2023_12_28.csv,match,CHOCOLATE HAZELNUT SPREAD,200
HACHIS PORC-VEAU,9.46,204084,2023-12-28,2023_12_28.csv,match,PORK,500
HACHIS BOEUF&PORC,10.16,204085,2023-12-28,2023_12_28.csv,match,BEEF,500
MANGUE,1.89,5400119534346,2024-01-03,2024_01_03.csv,match,MANGO,400
MANGUE,1.89,5400119534346,2024-01-03,2024_01_03.csv,match,MANGO,400
ROSBIF,11.95,20400071101954,2024-01-03,2024_01_03.csv,match,BEEF,600
185G LAYS S&BL.DEP,1.95,8710398524242,2024-01-03,2024_01_03.csv,ignore,,185
OEUFS COLUMBUS,3.59,5400149600046,2024-01-03,2024_01_03.csv,match,EGG,360
125G BOULES PAPRIK,1.95,8710398520420,2024-01-03,2024_01_03.csv,ignore,,125.0
185G LAYS NATUREL,1.95,8710398524208,2024-01-03,2024_01_03.csv,ignore,,185
T NOIR DE NOIR C.DO,3.95,7622201120009,2024-01-03,2024_01_03.csv,ignore,,
LINDT EXCELLENCE,2.29,3046920028336,2024-01-03,2024_01_03.csv,ignore,,
LINDT EXCELLENCE,2.29,3046920028336,2024-01-03,2024_01_03.csv,ignore,,
LINDT EXCELLENCE,2.29,3046920028336,2024-01-03,2024_01_03.csv,ignore,,
OEUFS COLUMBUS,3.59,5400149600046,2024-01-03,2024_01_03.csv,match,EGG,360
400G MUC DUCHE DDL,4.95,541011700431,2024-01-03,2024_01_03.csv,ignore,,400.0
BALADE CREME 1L,5.85,541139603417,2024-01-03,2024_01_03.csv,match,CREAM,1000.0
500G ESRP GRAINS,9.75,80007001875,2024-01-03,2024_01_03.csv,ignore,,500.0
CLEMENTINES FEUIL,5.67,80007001875,2024-01-03,2024_01_03.csv,match,CLEMENTINE,500
AVOCAT,2.19,5400119536924,2024-01-03,2024_01_03.csv,match,AVOCADO,
AVOCAT,2.19,5400119536924,2024-01-03,2024_01_03.csv,match,AVOCADO,
AVOCAT,2.19,5400119536924,2024-01-03,2024_01_03.csv,match,AVOCADO,
MASCARPONE SL 500G,5.95,800043301101,2024-01-03,2024_01_03.csv,match,MASCARPONE CHEESE,500.0
400G TOM.CRISES,3.19,540011232370,2024-01-03,2024_01_03.csv,match,TOMATO,400
LIEGEOIS GOUT CAFE,2.29,541011215660,2024-01-03,2024_01_03.csv,match,COFFEE,
400G TOM.CRISES,3.19,540011232370,2024-01-03,2024_01_03.csv,match,TOMATO,400
ROSBIF,15.41,20400071101954,2024-01-03,2024_01_03.csv,match,BEEF,600
D3G5 SAES BOUB 30L,4.99,541011215660,2024-01-03,2024_01_03.csv,ignore,,30000.0
DINOSAURUS CHOCOLA,2.49,541004301879,2024-01-03,2024_01_03.csv,match,COOKIE,200
AUBEL BEURRE 500G,8.79,541062301789,2024-01-03,2024_01_03.csv,match,BUTTER,500
AUBEL BEURRE 500G,8.79,541062301789,2024-01-03,2024_01_03.csv,match,BUTTER,500
SONA MULTIGRAIN 40,2.29,871089902039,2024-01-03,2024_01_03.csv,ignore,,
200G NUTELLA,2.49,8013546,2024-01-03,2024_01_03.csv,match,CHOCOLATE HAZELNUT SPREAD,200
150G MILKA CHO TUT,2.29,7622201121149,2024-01-03,2024_01_03.csv,ignore,,150.0
PRESID BEURRE 250G,4.69,32280221509,2024-01-03,2024_01_03.csv,match,BUTTER,250
BIO CITRON 4PC,2.09,540011953983,2024-01-03,2024_01_03.csv,match,LEMON,400
CARLSB BEURRE FT D,4.49,541116031113,2024-01-03,2024_01_03.csv,match,BUTTER,600
360G CRUNCHY CREAM,4.99,76102001847,2024-01-03,2024_01_03.csv,match,CREAM,360
HERTA LRDNS NAT,3.49,315423081387,2024-01-05,2024_01_05.csv,ignore,,
ROTI DE VEAU,16.01,20403216011,2024-01-05,2024_01_05.csv,match,VEAL,700
HACHIS BOEUF§DORC,10.41,20408533010214,2024-01-05,2024_01_05.csv,match,BEEF,500
HACHIS BOEUF§DORC,10.02,204085,2024-01-05,2024_01_05.csv,match,BEEF,500
LITCHIS,2.2,204085,2024-01-05,2024_01_05.csv,ignore,,
RAVIOLI POMODORI,3.85,8000121011418,2024-01-05,2024_01_05.csv,match,RAVIOLI,
RAVIOLI POMODORI,3.85,8000121011418,2024-01-05,2024_01_05.csv,match,RAVIOLI,
HET TRAAGSTE BROOD P,2.99,5430000077470,2024-01-05,2024_01_05.csv,match,BREAD,400
HUMOUS,1.99,5400141389642,2024-01-05,2024_01_05.csv,ignore,,
SOMM SUMM. ECOS,4.49,5410598012182,2024-01-05,2024_01_05.csv,ignore,,
NIVEA ROLL DRY IMP,2.59,4234508,2024-01-05,2024_01_05.csv,ignore,,
CONF. NOSTALGIE,3.89,5410046008600,2024-01-05,2024_01_05.csv,ignore,,
GRAN CHOC&NO,3.69,540011370452,2024-01-05,2024_01_05.csv,ignore,,
DUO PACK PINK LADY,4.35,3047704661163,2024-01-05,2024_01_05.csv,match,APPLE,
SALAD MEXIC STYLE,5.99,540011955635,2024-01-05,2024_01_05.csv,ignore,,
SALAD MOROCCA,6.29,540011955810,2024-01-05,2024_01_05.csv,ignore,,
BANANEN,2.05,401407162721,2024-01-05,2024_01_05.csv,match,BANANA,700
CAROTTES BIO,2.49,540011955050,2024-01-05,2024_01_05.csv,match,CARROT,500
AVOCAT,2.78,540011955824,2024-01-05,2024_01_05.csv,match,AVOCADO,
MANGUE,3.78,540011954346,2024-01-05,2024_01_05.csv,match,MANGO,800
YAOURT MIGRE BIO,3.37,540011955070,2024-01-05,2024_01_05.csv,match,YOGURT,150
SOMA MULTIGRAIN 40,2.29,871089902039,2024-01-05,2024_01_05.csv,match,BREAD,400
SALAD ITALIAN,5.99,540011955197,2024-01-05,2024_01_05.csv,ignore,,
BIO BANANEN,2.05,401407162721,2024-01-05,2024_01_05.csv,match,BANANA,700
KIWI SUNGOLD XL,2.99,5412234942213,2024-01-05,2024_01_05.csv,match,KIWI,400
HARICOTS FINS 400G,3.49,540011955157,2024-01-05,2024_01_05.csv,ignore,,400.0
TOM.CERISES,3.69,5400111232370,2024-01-05,2024_01_05.csv,match,TOMATO,
MINI BURGER LIMOUS,6.29,540011955376,2024-01-09,2024_01_09.csv,match,BEEF,150
MINI BURGER LIMOUS,6.29,540011955376,2024-01-09,2024_01_09.csv,match,BEEF,150
400G BICARBONATE,3.45,318328000949,2024-01-09,2024_01_09.csv,ignore,,400.0
400G BICARBONATE,3.45,318328000949,2024-01-09,2024_01_09.csv,ignore,,400.0
400G EXQUISE BAG,2.19,540011282100,2024-01-09,2024_01_09.csv,match,BREAD,400
400G EXQUISE BAG,2.19,540011282100,2024-01-09,2024_01_09.csv,match,BREAD,400
HERTA JAMBON BROOD P,4.5,54000017740,2024-01-09,2024_01_09.csv,ignore,,250
4X50G DLL PAIN BIO,3.39,540011281850,2024-01-09,2024_01_09.csv,match,BREAD,200
4X50G DLL PAIN BIO,3.39,540011281850,2024-01-09,2024_01_09.csv,match,BREAD,200
4X50G DLL PAIN BIO,3.39,540011281850,2024-01-09,2024_01_09.csv,match,BREAD,200
4X50G DLL PAIN BIO,3.39,540011281850,2024-01-09,2024_01_09.csv,match,BREAD,200
HACHIS BOEUF&PORC,10.38,204085,2024-01-09,2024_01_09.csv,match,BEEF,500
HACHIS PORC-VEAU,10.4,204084,2024-01-09,2024_01_09.csv,match,PORK,500
HERTA LADINS NATUR,2.85,315423081405,2024-01-09,2024_01_09.csv,ignore,,
HERTA JAMBON SUP,4.49,315423080876,2024-01-09,2024_01_09.csv,match,HAM,200
HERTA JAMBON SUP,4.49,315423080876,2024-01-09,2024_01_09.csv,match,HAM,200
HERTA JAMBON SUP,4.49,315423080876,2024-01-09,2024_01_09.csv,match,HAM,200
JAMBON CUIT AU FOU,4.05,2258760,2024-01-09,2024_01_09.csv,match,HAM,200
JAMBON CUIT AU FOU,3.97,2258760,2024-01-09,2024_01_09.csv,match,HAM,200
DLL MAYO TD,1.25,540011300584,2024-01-09,2024_01_09.csv,match,MAYONNAISE,200
JAMBON CUIT AU FOU,3.97,2258760,2024-01-09,2024_01_09.csv,match,HAM,200
DLL MAYO TD,1.25,540011300584,2024-01-09,2024_01_09.csv,match,MAYONNAISE,200
DUO PACK PINK LADY,6.9,370047661163,2024-01-10,2024_01_10.csv,match,APPLE,
PRITT CORRECT-IT,4.25,3178040208333,2024-01-10,2024_01_10.csv,ignore,,
MANDARINES,4.49,540011955680,2024-01-10,2024_01_10.csv,match,CLEMENTINE,500
NESCAFE ESPRESSO,6.29,7613036609099,2024-01-10,2024_01_10.csv,match,COFFEE,
AVOCAT,8.34,540011955924,2024-01-10,2024_01_10.csv,match,AVOCADO,
KIWI VERT,4.12,0450031901742,2024-01-10,2024_01_10.csv,match,KIWI,500
CONFRENCE 4PC,2.19,540011955401,2024-01-10,2024_01_10.csv,ignore,,
BIO BANANEN,2.59,401407169271,2024-01-10,2024_01_10.csv,match,BANANA,700
BIO BANANEN,2.59,401407169271,2024-01-10,2024_01_10.csv,match,BANANA,700
POMELO 9/PC,3.29,540011960404,2024-01-10,2024_01_10.csv,ignore,,
MANGUE,1.89,540011954346,2024-01-10,2024_01_10.csv,match,MANGO,400
MANGUE,1.89,540011954346,2024-01-10,2024_01_10.csv,match,MANGO,400
100G DLF 4 BOUCHEE,0.99,540011364946,2024-01-11,2024_01_11.csv,match,PIE CRUST,100
100G DLF 4 BOUCHEE,0.99,540011364946,2024-01-11,2024_01_11.csv,match,PIE CRUST,100
100G DLF 4 BOUCHEE,0.99,540011364946,2024-01-11,2024_01_11.csv,match,PIE CRUST,100
POMMES BROLES,1.99,5400112482182,2024-01-11,2024_01_11.csv,ignore,,700
MOUSSEL POM.MATER,0.99,5410046070005,2024-01-11,2024_01_11.csv,match,APPLE,100
MOUSSEL POM.MATER,0.99,5410046070005,2024-01-11,2024_01_11.csv,match,APPLE,100
MAGUE,1.89,540011953446,2024-01-14,2024_01_14.csv,ignore,,
MAGUE,1.89,540011953446,2024-01-14,2024_01_14.csv,ignore,,
JEUNE POUSSE MIX,1.79,540011238557,2024-01-14,2024_01_14.csv,match,SALAD GREENS,100
HACHIS PORC-VEAU,12.04,2040485912046,2024-01-14,2024_01_14.csv,match,PORK,500
BUTCHER BURGE,6.29,540011953472,2024-01-14,2024_01_14.csv,ignore,,
BUTCHER BURGE,6.29,540011953472,2024-01-14,2024_01_14.csv,ignore,,
ROSBIF,12.29,2040987020447,2024-01-14,2024_01_14.csv,match,BEEF,600
CAROTTES BIO,2.39,5400121239500,2024-01-14,2024_01_14.csv,match,CARROT,500
HET TRAAGSTE BROOD P,4.5,5430000171740,2024-01-14,2024_01_14.csv,match,BREAD,400
HET TRAAGSTE BROOD P,4.5,5430000171740,2024-01-14,2024_01_14.csv,match,BREAD,400
PATE A PIZZA,1.39,540011950827,2024-01-14,2024_01_14.csv,match,PIZZA CRUST,230
OEUFS COLOMBUS,4.59,5410946000466,2024-01-14,2024_01_14.csv,ignore,,
PATE A PIZZA,1.39,540011950827,2024-01-14,2024_01_14.csv,match,PIZZA CRUST,230
HACHIS PORC-VEAU,12.29,2040485912046,2024-01-14,2024_01_14.csv,match,PORK,500
PACK PINK LADY,3.45,3700476611633,2024-01-14,2024_01_14.csv,match,APPLE,
CAROTTES BIO,2.39,5400121239500,2024-01-14,2024_01_14.csv,match,CARROT,500
PATE A PIZZA,1.39,540011950827,2024-01-14,2024_01_14.csv,match,PIZZA CRUST,230
COURGETTES,2.99,5400112139500,2024-01-14,2024_01_14.csv,match,ZUCCHINI,500
OIGNONS JAUNE 1KG,4.99,5400112134942,2024-01-14,2024_01_14.csv,match,ONION,1000
HERTA JAMBON SUP,4.49,3154230003876,2024-01-14,2024_01_14.csv,match,HAM,200
HERTA JAMBON SUP,4.49,3154230003876,2024-01-14,2024_01_14.csv,match,HAM,200
TOMATE GRAPPE,4.99,5400112132132,2024-01-14,2024_01_14.csv,match,TOMATO,
HERTA MINI PI,2.85,3154230028692,2024-01-14,2024_01_14.csv,ignore,,
MANDARINES FEUILLE,7.66,2016,2024-01-14,2024_01_14.csv,match,CLEMENTINE,500
TOMATE GRAPPE,4.99,5400112132132,2024-01-14,2024_01_14.csv,match,TOMATO,
LINTF EXCEL CACAO,3.45,3046920028722,2024-01-14,2024_01_14.csv,match,CACAO,
BIO GOUTA TRANCHES,3.99,5400119550150,2024-01-14,2024_01_14.csv,ignore,,
DLC PAIN BIO,3.39,5400112138508,2024-01-14,2024_01_14.csv,match,BREAD,
400GR TOM CERISES,3.99,5400112132137,2024-01-14,2024_01_14.csv,match,TOMATO,400
DLC PAIN BIO,3.39,5400112138508,2024-01-14,2024_01_14.csv,match,BREAD,
360G CRUNCHY CREAM,5.29,761210001847,2024-01-24,2024_01_24.csv,match,CREAM,360
360G CRUNCHY CREAM,5.29,761210001847,2024-01-24,2024_01_24.csv,match,CREAM,360
250G PATE TARTINER,3.59,360858007072,2024-01-24,2024_01_24.csv,ignore,,250.0
"FENOUILS 0,500 KG",1.95,2405,2024-01-24,2024_01_24.csv,match,FENNEL,500
BIO CITRON 4PC,2.09,540011953983,2024-01-24,2024_01_24.csv,match,LEMON,400
400G DLL PATE NOIS,2.55,540011369649,2024-01-24,2024_01_24.csv,ignore,,400.0
CAROTTES BIO,2.19,540011239500,2024-01-24,2024_01_24.csv,match,CARROT,500
HET TRAAGSTE BROOD,4.0,543000017739,2024-01-24,2024_01_24.csv,match,BREAD,
HET TRAAGSTE BROOD,4.0,543000017739,2024-01-24,2024_01_24.csv,match,BREAD,
HET TRAAGSTE BROOD P,4.5,543000017740,2024-01-24,2024_01_24.csv,match,BREAD,400
320G MULTIC.BAGUET 2X,3.98,208029,2024-01-24,2024_01_24.csv,match,BREAD,640
MANDARINES,4.49,540011955680,2024-01-24,2024_01_24.csv,match,CLEMENTINE,500
320G MULTIC.BAGUET,1.99,208029,2024-01-24,2024_01_24.csv,match,BREAD,320
MANGUE,1.89,540011954346,2024-01-24,2024_01_24.csv,match,MANGO,400
KIWI GOLD,4.65,541174000727,2024-01-24,2024_01_24.csv,match,KIWI,500
AVOCAT 3X,4.17,540011956924,2024-01-24,2024_01_24.csv,match,AVOCADO,510
POMELO P/PC,3.29,540011960404,2024-01-24,2024_01_24.csv,match,POMELO,1000
400GR TOM.CERISES,3.99,540011232370,2024-01-24,2024_01_24.csv,match,TOMATO,400
MOUSSEL.POM.MATER,1.75,541004607005,2024-01-24,2024_01_24.csv,match,APPLE,100
MYRTILLES 500GR,7.49,540011232713,2024-01-24,2024_01_24.csv,match,BLUEBERRY,500
100GR JEUNES POUSS,1.19,540011236373,2024-01-24,2024_01_24.csv,match,SALAD GREENS,100
DUO PACK PINK LADY,3.45,370047661163,2024-01-24,2024_01_24.csv,match,APPLE,
DUO PACK PINK LADY,3.45,370047661163,2024-01-24,2024_01_24.csv,match,APPLE,
HACHIS BOEUF&PORC,5.22,2040857005221,2024-01-24,2024_01_24.csv,match,BEEF,500
HACHIS BOEUF&PORC,10.36,2040859010360,2024-01-24,2024_01_24.csv,match,BEEF,500
HACHIS BOEUF&PORC,10.6,2040851010603,2024-01-24,2024_01_24.csv,match,BEEF,500
HACHIS BOEUF&PORC,5.29,2040852005295,2024-01-24,2024_01_24.csv,match,BEEF,500
HACHIS BOEUF&PORC,5.48,2040850005488,2024-01-24,2024_01_24.csv,match,BEEF,500
HACHIS BOEUF&PORC,5.36,2040850005365,2024-01-24,2024_01_24.csv,match,BEEF,500
DANONE ACT FRAISES,2.49,541014641777,2024-01-24,2024_01_24.csv,match,YOGURT,500
DANONE ACT FRAISES,2.49,541014641777,2024-01-24,2024_01_24.csv,match,YOGURT,500
SAUMON ATL FUME DL,5.15,540060135958,2024-01-24,2024_01_24.csv,match,SMOKED SALMON,150
ACTIV CER MUESLI,2.65,541014642058,2024-01-24,2024_01_24.csv,match,CEREAL,500
DLL CREME 1L,4.59,540011952225,2024-01-24,2024_01_24.csv,match,CREAM,1000
HACHIS BOEUF&PORC,10.55,2040857010553,2024-01-24,2024_01_24.csv,match,BEEF,500
HACHIS BOEUF&PORC,10.57,2040854010570,2024-01-24,2024_01_24.csv,match,BEEF,500
MOUSSEL.POM.MATER,1.75,541004607005,2024-01-24,2024_01_24.csv,match,APPLE,100
ACTIV CER MUESLI,2.65,541014642058,2024-01-24,2024_01_24.csv,match,CEREAL,500
OEUFS BIO 12 PCS,4.59,540011952183,2024-01-24,2024_01_24.csv,match,EGG,720
MOZZARELLA MAXI,2.65,800043013526,2024-01-24,2024_01_24.csv,match,MOZZARELLA CHEESE,250
MOZZARELLA MAXI,2.65,800043013526,2024-01-24,2024_01_24.csv,match,MOZZARELLA CHEESE,250
MOZZARELLA MAXI,2.65,800043013526,2024-01-24,2024_01_24.csv,match,MOZZARELLA CHEESE,250
HERTA PATE RECT F,3.29,315423060060,2024-01-24,2024_01_24.csv,match,PUFF PASTRY,230
HERTA PATE RECT F,3.29,315423060060,2024-01-24,2024_01_24.csv,match,PUFF PASTRY,230
HERTA PATE RECT F,3.29,315423060060,2024-01-24,2024_01_24.csv,match,PUFF PASTRY,230
SALADE POULET,2.19,540011956113,2024-01-24,2024_01_24.csv,match,CHICKEN,250
TOMAT GRAPPE BIO,4.99,540011954151,2024-01-24,2024_01_24.csv,match,TOMATO,1000
FRISK CLEAN BR PEP,2.59,5413839,2024-01-24,2024_01_24.csv,ignore,,
375G CHOCO LAIT,3.69,505931902249,2024-01-24,2024_01_24_b.csv,match,MILK CHOCOLATE,375
375G CHOCO LAIT,3.69,505931902249,2024-01-24,2024_01_24_b.csv,match,MILK CHOCOLATE,375
375G CHOCO LAIT,3.69,505931902249,2024-01-24,2024_01_24_b.csv,match,MILK CHOCOLATE,375
CHOU-FLEUR,3.33,5400112506333,2024-02-08,2024_02_08.csv,match,CAULIFLOWER,800
375G CHOCO LAIT,3.69,5053993022479,2024-02-08,2024_02_08.csv,match,MILK CHOCOLATE,375
375G CHOCO LAIT,3.69,5053993022479,2024-02-08,2024_02_08.csv,match,MILK CHOCOLATE,375
10 M GEL LIEN FIX,3.95,4008491215466,2024-02-08,2024_02_08.csv,ignore,,
500 POCHETTES PERF,1.89,4007801003384,2024-02-08,2024_02_08.csv,ignore,,
350G GRANOLA CHOC,2.99,5410931028120,2024-02-08,2024_02_08.csv,ignore,,350.0
CAROTTES BIO,2.39,5400112395500,2024-02-08,2024_02_08.csv,match,CARROT,500
CAROTTES BIO,2.39,5400112395500,2024-02-08,2024_02_08.csv,match,CARROT,500
MANDARINES,2.49,5400112559336,2024-02-08,2024_02_08.csv,match,CLEMENTINE,500
GROENTEA CAFE TRAP,2.99,5411188115568,2024-02-08,2024_02_08.csv,match,COFFEE,
MIXTEARD 250G IMPE,2.99,5400161001000,2024-02-08,2024_02_08.csv,ignore,,250.0
100G COTE D'OR PAI,2.99,7622210611176,2024-02-08,2024_02_08.csv,match,CHOCOLATE,100
120G BLINI LEG BIO,3.69,7622210511360,2024-02-08,2024_02_08.csv,ignore,,120.0
100G COTE D'OR PAI,2.99,7622210611176,2024-02-08,2024_02_08.csv,match,CHOCOLATE,100
RINSETAK,4.74,2001462004746,2024-02-08,2024_02_08.csv,ignore,,
CELERI VERT,2.09,263,2024-02-08,2024_02_08.csv,match,CELERY,500
SPINAZIE 450GR,2.79,5410194255309,2024-02-08,2024_02_08.csv,match,SPINACH,450
HARICOT PAIN 500GR,2.99,8712825003344,2024-02-08,2024_02_08.csv,match,BREAD,500.0
PEREN,3.48,5803,2024-02-08,2024_02_08.csv,match,PEAR,1000
BIO BANANEN,2.59,5410412912471,2024-02-08,2024_02_08.csv,match,BANANA,700
SAC PAIN BASIC N2,2.49,5400111901990,2024-02-08,2024_02_08.csv,match,BREAD,
6PC POMME PINK LAD,3.69,3046920028722,2024-02-08,2024_02_08.csv,match,APPLE,900
HET TRAAGSTE BROOD,3.45,3700476611633,2024-02-08,2024_02_08.csv,match,BREAD,
HET TRAAGSTE BROOD,3.45,3700476611633,2024-02-08,2024_02_08.csv,match,BREAD,
DINOSAURE CEREALE,2.19,5410146200460,2024-02-08,2024_02_08.csv,ignore,,
FILET PUR DE PORC,5.25,2047048008706,2024-02-08,2024_02_08.csv,match,PORK,300
FILET PUR DE PORC,5.25,2047048008706,2024-02-08,2024_02_08.csv,match,PORK,300
ACTIVIA MAXI MA,3.45,5410146406499,2024-02-08,2024_02_08.csv,match,YOGURT,200
KIWI VERT,4.19,5400117565767,2024-02-08,2024_02_08.csv,match,KIWI,500
MOZZARELLA 125GR,1.39,8000430133043,2024-02-08,2024_02_08.csv,match,MOZZARELLA CHEESE,125
JAMBON 4 1 OS AUTH,4.44,2204880044444,2024-02-08,2024_02_08.csv,ignore,,250
JAMBON 4 1 OS AUTH,4.44,2204880044444,2024-02-08,2024_02_08.csv,ignore,,250
MOZZARELLA 125GR,1.39,8000430133043,2024-02-08,2024_02_08.csv,match,MOZZARELLA CHEESE,125
LINDT EXC12 CCAO,3.45,3046920028722,2024-02-08,2024_02_08.csv,ignore,,
MOZZARELLA 125GR,1.39,8000430133043,2024-02-08,2024_02_08.csv,match,MOZZARELLA CHEESE,125
LINDT EXC12 CCAO,3.45,3046920028722,2024-02-08,2024_02_08.csv,ignore,,
SRI MARZANO,4.67,2110,2024-02-08,2024_02_08.csv,ignore,,
AVOCAT,9.45,5400115566524,2024-02-08,2024_02_08.csv,match,AVOCADO,
SALADE POULET,2.19,540011956113,2024-02-22,2024_02_22.csv,match,CHICKEN,250
HET TRAAGSTE BROOD P,4.5,5430000117740,2024-02-22,2024_02_22.csv,match,BREAD,400
6X33 SCHWEPPES LEM,5.99,841410036405,2024-02-22,2024_02_22.csv,ignore,,
HACHIS PORC-VEAU,5.81,204084,2024-02-22,2024_02_22.csv,match,PORK,500
PAIN DE VIANDE,12.72,2040936012720,2024-02-22,2024_02_22.csv,match,MEAT,
PAIN DE VIANDE,12.69,2040932012694,2024-02-22,2024_02_22.csv,match,MEAT,
PAIN DE VIANDE,12.69,2040932012694,2024-02-22,2024_02_22.csv,match,MEAT,
GROENE SELDER PER ST,1.39,5400140000000,2024-02-22,2024_02_22.csv,ignore,,
400GR TOM.CRISES,2.99,540011232370,2024-02-22,2024_02_22.csv,match,TOMATO,400.0
LINDT EXCELLENCE,2.39,3046920028936,2024-02-22,2024_02_22.csv,ignore,,
LINDT EXCELLENCE,2.39,3046920028936,2024-02-22,2024_02_22.csv,ignore,,
200G DLL FOIS BIOL,1.29,540011171155,2024-02-22,2024_02_22.csv,ignore,,200.0
MINI BUTCHER BURGE,5.35,5400113579435,2024-02-22,2024_02_22.csv,ignore,,
MINI BUTCHER BURGE,5.35,5400113579435,2024-02-22,2024_02_22.csv,ignore,,
STEVIA FRUITS BOIS,3.19,5400111525295,2024-02-22,2024_02_22.csv,match,STEVIA,
360G CRUNCHY CREAM,5.35,7612100011847,2024-02-22,2024_02_22.csv,match,CREAM,360
350G GRANOLA CHOC,4.99,5415998021282,2024-02-22,2024_02_22.csv,ignore,,350.0
MANGUE,3.09,5400119543446,2024-02-22,2024_02_22.csv,match,MANGO,600
AVOCAT,1.89,5400119556924,2024-02-22,2024_02_22.csv,match,AVOCADO,
200GR HOUMOUS,1.99,540011238642,2024-02-22,2024_02_22.csv,match,HUMMUS,200
200GR HOUMOUS,1.99,540011238642,2024-02-22,2024_02_22.csv,match,HUMMUS,200
POIRES D'OLLE,1.99,5400114228424,2024-02-22,2024_02_22.csv,match,PEAR,1000
SAN MARZANO,1.99,5400114228424,2024-02-22,2024_02_22.csv,match,TOMATO,400
JEUNE POUSSE MIX,1.39,540011238574,2024-02-22,2024_02_22.csv,match,SALAD GREENS,100
500G SP K LAIT CHO,5.49,505399SDP579,2024-02-22,2024_02_22.csv,match,MILK CHOCOLATE,500
500G SP K LAIT CHO,5.49,505399SDP579,2024-02-22,2024_02_22.csv,match,MILK CHOCOLATE,500
HACHIS PORC-VEAU,10.11,2040840101010,2024-02-22,2024_02_22.csv,match,PORK,500
HACHIS PORC-VEAU,9.73,2040840109730,2024-02-22,2024_02_22.csv,match,PORK,500
COURGETTES,2.33,2160,2024-02-22,2024_02_22.csv,match,ZUCCHINI,500
MGA MELLO CAKE,3.09,5410155511115,2024-03-05,2024_03_05.csv,ignore,,
HET TRAAGSTE BROOD P,4.5,5430000177046,2024-03-05,2024_03_05.csv,match,BREAD,400
SALADE TOILET,2.19,5400111956113,2024-03-05,2024_03_05.csv,ignore,,
WRAPS DE BLE,1.49,5400111959055,2024-03-05,2024_03_05.csv,match,FLOUR TORTILLA,120
400G NUTELLA,2.99,3017620422000,2024-03-05,2024_03_05.csv,match,CHOCOLATE HAZELNUT SPREAD,400
360G CRUNCHY CREAM,5.35,7612100018047,2024-03-05,2024_03_05.csv,match,CREAM,360
250G NOCCIOLAT BIO,6.99,8055275090036,2024-03-05,2024_03_05.csv,ignore,,250.0
HACHIS PORC-VEAU,10.94,204084,2024-03-05,2024_03_05.csv,match,PORK,500
HACHIS PORC-VEAU,10.47,204084,2024-03-05,2024_03_05.csv,match,PORK,500
HACHIS PORC-VEAU,10.23,204084,2024-03-05,2024_03_05.csv,match,PORK,500
BIO BANANEN,2.65,5410111692471,2024-03-05,2024_03_05.csv,match,BANANA,700
HERITAGE PATÉ ZNE RON,2.15,5413326006957,2024-03-05,2024_03_05.csv,ignore,,
CONFERENCE 4PC,2.19,5400111958117,2024-03-05,2024_03_05.csv,ignore,,
HUMMUS PINK LAD,1.99,3700476116135,2024-03-05,2024_03_05.csv,ignore,,
BIO CAROTTES,2.39,5400111956500,2024-03-05,2024_03_05.csv,match,CARROT,1000
AVOCAT,2.05,5400119562924,2024-03-05,2024_03_05.csv,match,AVOCADO,
MANGUE,6.18,540011956924,2024-03-05,2024_03_05.csv,match,MANGO,1250
CELERI VERT,2.19,5400111954346,2024-03-05,2024_03_05.csv,match,CELERY,500
286G FITNESS BAGUE,3.5,263,2024-03-05,2024_03_05.csv,ignore,,286.0
MEERGRANENSTOK.GROO,2.05,812,2024-03-05,2024_03_05.csv,ignore,,
SUZY CHOCO LAIT BP,1.29,5401026108577,2024-03-05,2024_03_05.csv,ignore,,
KIWI JAUNE 500G,3.69,5400111958117,2024-03-05,2024_03_05.csv,match,KIWI,500.0
HET TRAAGSTE BROOD P,4.5,5430000177046,2024-03-05,2024_03_05.csv,match,BREAD,400
HET TRAAGSTE BROOD P,4.5,5430000177046,2024-03-05,2024_03_05.csv,match,BREAD,400
MOZZARELLA MAXI,2.69,800043013536,2024-03-05,2024_03_05.csv,match,MOZZARELLA CHEESE,250
MOZZARELLA 125GR,1.39,800043013530,2024-03-05,2024_03_05.csv,match,MOZZARELLA CHEESE,125
MOZZARELLA 125GR,1.39,800043013530,2024-03-05,2024_03_05.csv,match,MOZZARELLA CHEESE,125
MOZZARELLA 125GR,1.39,800043013530,2024-03-05,2024_03_05.csv,match,MOZZARELLA CHEESE,125
MOZZARELLA MAXI,2.69,800043013536,2024-03-05,2024_03_05.csv,match,MOZZARELLA CHEESE,250
MOZZARELLA 125GR,1.39,800043013530,2024-03-05,2024_03_05.csv,match,MOZZARELLA CHEESE,125
MOZZARELLA 125GR,1.39,800043013530,2024-03-05,2024_03_05.csv,match,MOZZARELLA CHEESE,125
HUMMUS,1.99,540011238642,2024-03-05,2024_03_05.csv,ignore,,
HUMMUS,1.99,540011238642,2024-03-05,2024_03_05.csv,ignore,,
JAMBON CUIT AU FOU,4.02,225876004020,2024-03-05,2024_03_05.csv,match,HAM,200
JAMBON CUIT AU FOU,4.02,225876004020,2024-03-05,2024_03_05.csv,match,HAM,200
JAMBON CUIT AU FOU,4.02,225876004020,2024-03-05,2024_03_05.csv,match,HAM,200
JAMBON CUIT AU FOU,4.02,225876004020,2024-03-05,2024_03_05.csv,match,HAM,200
JAMBON CUIT AU FOU,4.05,225876004051,2024-03-05,2024_03_05.csv,match,HAM,200
CREME 20 CL,0.69,540063173439,2024-03-05,2024_03_05.csv,match,CREAM,200.0
CREME 20 CL,0.69,540063173439,2024-03-05,2024_03_05.csv,match,CREAM,200.0
CREME 20 CL,0.69,540063173439,2024-03-05,2024_03_05.csv,match,CREAM,200.0
OEUFS COLUMBUS,3.95,541049600046,2024-03-05,2024_03_05.csv,match,EGG,360
OEUFS COLUMBUS,3.95,541049600046,2024-03-05,2024_03_05.csv,match,EGG,360
FROMAGE ENTIE,1.89,871280000066,2024-03-05,2024_03_05.csv,ignore,,
500G SP K LAIT CHO,5.49,505931902579,2024-03-25,2024_03_25.csv,match,MILK CHOCOLATE,500
500G SP K LAIT CHO,5.49,505931902579,2024-03-25,2024_03_25.csv,match,MILK CHOCOLATE,500
SOMA MULTIGRAIN 40,2.49,871089902039,2024-03-25,2024_03_25.csv,match,BREAD,400
CHICKEN NUGGETS,5.69,5058175100054,2024-03-25,2024_03_25.csv,match,CHICKEN,700
JAMBON A L OS AUTH,4.62,2208488,2024-03-25,2024_03_25.csv,match,HAM,250
JAMBON A L OS AUTH,4.71,2208488,2024-03-25,2024_03_25.csv,match,HAM,250
JAMBON A L OS AUTH,4.68,2208488,2024-03-25,2024_03_25.csv,match,HAM,250
JAMBON A L OS AUTH,4.68,2208488,2024-03-25,2024_03_25.csv,match,HAM,250
350G CHOCO-CARAMEL,3.19,540011369008,2024-03-25,2024_03_25.csv,match,CHOCOLATE,350
CIBOULETTE BIO,2.29,540011957593,2024-03-25,2024_03_25.csv,match,CHIVE,30
340G PAIN TOM KET,2.05,871570012205,2024-03-25,2024_03_25.csv,match,BREAD,340
HET TRAAGSTE BROOD P,4.5,543000017740,2024-03-25,2024_03_25.csv,match,BREAD,400
DLL SAMOURAI TD,1.39,540011302806,2024-03-25,2024_03_25.csv,match,MAYONNAISE,200
DLL MAYO TD,1.25,540011300584,2024-03-25,2024_03_25.csv,match,MAYONNAISE,200
DLL POULES POUSS,1.19,540011123637,2024-03-25,2024_03_25.csv,ignore,,
280G DLL ARTICH GR,3.69,540011303216,2024-03-25,2024_03_25.csv,ignore,,280.0
JEUNE POUSS MIX,1.39,540011238574,2024-03-25,2024_03_25.csv,ignore,,
6 WRAPS DE BLE,1.49,540011355195,2024-03-25,2024_03_25.csv,match,FLOUR TORTILLA,240
450G DLL POIS BIOL,1.29,540011127155,2024-03-25,2024_03_25.csv,match,PEA,450
DLL PAP. CUISSON,1.99,540011366622,2024-03-25,2024_03_25.csv,ignore,,
HET TRAAGSTE BROOD P,4.5,543000017740,2024-03-25,2024_03_25.csv,match,BREAD,400
HET TRAAGSTE BROOD P,4.5,543000017740,2024-03-25,2024_03_25.csv,match,BREAD,400
BIO CAROTTES,2.39,540011239500,2024-03-25,2024_03_25.csv,match,CARROT,1000
CAMP FROM FR ENT,4.45,871280000060,2024-03-25,2024_03_25.csv,match,BREAD,500
HET TRAAGSTE BROOD P,4.5,543000017740,2024-03-25,2024_03_25.csv,match,BREAD,400
PATEE IL,4.59,540011352228,2024-03-25,2024_03_25.csv,ignore,,
MANGUE,2.99,540011594346,2024-03-25,2024_03_25.csv,match,MANGO,600
200G SM MINI TORTI,4.98,731131038417,2024-03-25,2024_03_25.csv,match,TORTELLINI,200
SALADE POULET,2.19,540011356113,2024-03-25,2024_03_25.csv,match,CHICKEN,250
DES DE POULET,7.0,2205567007006,2024-03-25,2024_03_25.csv,match,CHICKEN,1000
BIO BANANEN,2.59,401407169271,2024-03-25,2024_03_25.csv,match,BANANA,700
DLL YA MAIG NAT 8X,1.39,540011300584,2024-03-25,2024_03_25.csv,match,YOGURT,800
220G PAIN,1.99,2290520007094,2024-03-25,2024_03_25.csv,match,BREAD,220
EMINCE POULET,7.09,2290520,2024-03-25,2024_03_25.csv,match,CHICKEN,1000
FAIREBEL 1/2 E,8.09,542502728002,2024-03-25,2024_03_25.csv,match,MILK,
ECHALOTES 500G,1.05,540011355008,2024-03-25,2024_03_25.csv,match,SHALLOT,500
KLEIN GREEN XL 4 STUK,4.65,541174000844,2024-03-25,2024_03_25.csv,match,GREEN TEA,
MYRTILLES 500GR,7.29,540011959739,2024-03-25,2024_03_25.csv,match,BLUEBERRY,500
EM 335G RHUBARBE,4.29,360858004773,2024-03-25,2024_03_25.csv,match,RHUBARB,335
SUZI CHOCO LAIT 8P,4.09,541012601257,2024-03-25,2024_03_25.csv,match,MILK CHOCOLATE,200
MANDARINES FEUILLE,4.04,"0,965 Kg x",2024-03-25,2024_03_25.csv,match,CLEMENTINE,500
365 HARICOTS V COU,1.29,540060101024,2024-03-30,2024_03_30.csv,match,GREEN BEAN,400
450G QUAK MEUS NOI,4.99,8710398507142,2024-03-30,2024_03_30.csv,ignore,,450.0
450G QUAK MUE MULT,3.99,8710398503244,2024-03-30,2024_03_30.csv,ignore,,450.0
75 NUVOOLA 19R BIO,15.98,540011755368,2024-03-30,2024_03_30.csv,ignore,,
40G DLL PATE NOI,2.55,540011369649,2024-03-30,2024_03_30.csv,match,PATE,40.0
400G PATE NOI CRU,3.45,540011369650,2024-03-30,2024_03_30.csv,match,PIE CRUST,400
400G PATE NOI CRU,3.45,540011369650,2024-03-30,2024_03_30.csv,match,PIE CRUST,400
400G DLL PATE NOI,2.55,540011369649,2024-03-30,2024_03_30.csv,match,PIE CRUST,400
KIWI GROEN XL 4 STUK,4.65,541174000844,2024-03-30,2024_03_30.csv,match,KIWI,600
185G LAYS S4BL PEP,1.99,871039852422,2024-03-30,2024_03_30.csv,ignore,,185
LAISE NATUREL,2.09,871039851408,2024-03-30,2024_03_30.csv,match,LETTUCE,200
3X200G THON NATURE,3.65,540011365642,2024-03-30,2024_03_30.csv,match,TUNA,600
125G D365 MAQ TOUR,1.25,540011365658,2024-03-30,2024_03_30.csv,match,MACKEREL,125
125G D365 MAQ TOUR,1.25,540011365658,2024-03-30,2024_03_30.csv,match,MACKEREL,125
HET TRAGSTE BROOD P,4.5,543000017740,2024-03-30,2024_03_30.csv,match,BREAD,400
250G CRUNCHY BIO,4.79,805257509042,2024-03-30,2024_03_30.csv,ignore,,250.0
365 HARICOTS V COU,1.29,540060101024,2024-03-30,2024_03_30.csv,match,GREEN BEAN,400
FRAISES FANTIER,8.69,54002728016,2024-03-30,2024_03_30.csv,ignore,,1500
HET TRAGSTE BROOD P,4.5,543000017740,2024-03-30,2024_03_30.csv,match,BREAD,400
DLL OEUFS BIO MIX,2.95,540011210790,2024-03-30,2024_03_30.csv,match,EGG,360
BIO CAROTTES,2.39,540011239500,2024-03-30,2024_03_30.csv,match,CARROT,1000
LINDT EXCELLENCE,2.39,304692002836,2024-03-30,2024_03_30.csv,ignore,,
LINDT EXCELLENCE,2.39,304692002836,2024-03-30,2024_03_30.csv,ignore,,
BIO CAROTTES,2.39,540011239500,2024-03-30,2024_03_30.csv,match,CARROT,1000
LINDT EXCELLENCE,2.39,304692002836,2024-03-30,2024_03_30.csv,ignore,,
LINDT EXCELLENCE,2.39,304692002836,2024-03-30,2024_03_30.csv,ignore,,
BIO BANANEN,2.59,401407169271,2024-03-30,2024_03_30.csv,match,BANANA,700
AVOCAT,0.0,2205567007051,2024-03-30,2024_03_30.csv,match,AVOCADO,
6PC POMME PINK LAD,3.99,370047661163,2024-03-30,2024_03_30.csv,match,APPLE,900
6PC POMME PINK LAD,3.99,370047661163,2024-03-30,2024_03_30.csv,match,APPLE,900
DES DE POULET,7.05,2205567007235,2024-03-30,2024_03_30.csv,match,CHICKEN,1000
DES DE POULET,7.23,2205567007235,2024-03-30,2024_03_30.csv,match,CHICKEN,1000
DES DE POULET,7.05,2205567007235,2024-03-30,2024_03_30.csv,match,CHICKEN,1000
DES DE POULET,7.18,2205567007235,2024-03-30,2024_03_30.csv,match,CHICKEN,1000
DES DE POULET,7.05,2205567007235,2024-03-30,2024_03_30.csv,match,CHICKEN,1000
DES DE POULET,7.29,2205567007235,2024-03-30,2024_03_30.csv,match,CHICKEN,1000
JAMBON A L OS AUTH,4.62,2208488,2024-03-30,2024_03_30.csv,match,HAM,250
JAMBON A L OS AUTH,4.71,2208488,2024-03-30,2024_03_30.csv,match,HAM,250
JAMBON A L OS AUTH,4.68,2208488,2024-03-30,2024_03_30.csv,match,HAM,250
JAMBON A L OS AUTH,4.65,2208488,2024-03-30,2024_03_30.csv,match,HAM,250
JAMBON A L OS AUTH,4.65,2208488,2024-03-30,2024_03_30.csv,match,HAM,250
JAMBON A L OS AUTH,4.68,2208488,2024-03-30,2024_03_30.csv,match,HAM,250
BOURSIN POIVRE,3.85,317546000006,2024-03-30,2024_03_30.csv,match,CREAM CHEESE,150
BOURSIN POIVRE,3.85,317546000006,2024-03-30,2024_03_30.csv,match,CREAM CHEESE,150
PHILADELPHIA ORIGI,3.15,762221095556,2024-03-30,2024_03_30.csv,match,CREAM CHEESE,200
PETIT LION HOM NA,1.29,540011960123,2024-03-30,2024_03_30.csv,match,COOKIE,100
PETIT LION HOM NA,1.29,540011960123,2024-03-30,2024_03_30.csv,match,COOKIE,100
PETIT LION HOM NA,1.29,540011960123,2024-03-30,2024_03_30.csv,match,COOKIE,100
DLH BEURRE BIO,3.19,540011210050,2024-03-30,2024_03_30.csv,match,BUTTER,250
AUBEL BEURRE 500G,8.79,541060301789,2024-03-30,2024_03_30.csv,match,BUTTER,500
3 MOUSQUET NOIS BIO,4.99,5407006863033,2024-04-18,2024_04_18.csv,ignore,,
250G CRUNCHY BIO,4.79,8025475009042,2024-04-18,2024_04_18.csv,ignore,,250.0
FASTER 1/2 E,0.99,5430002280022,2024-04-18,2024_04_18.csv,ignore,,
KROK FLOCONS LAIT,5.15,8715707119526,2024-04-18,2024_04_18.csv,ignore,,
AVOCAT,1.89,5400111956924,2024-04-18,2024_04_18.csv,match,AVOCADO,
FILET POITRINE DE,10.83,2208537,2024-04-18,2024_04_18.csv,match,PORK,400
FILET POITRINE DE,10.71,2208537,2024-04-18,2024_04_18.csv,match,PORK,400
DES DE POULET,7.11,2205567,2024-04-18,2024_04_18.csv,match,CHICKEN,1000
DES DE POULET,7.19,2205567,2024-04-18,2024_04_18.csv,match,CHICKEN,1000
DRAGAS,5.69,501232345006,2024-04-18,2024_04_18.csv,ignore,,
HACHIS PORC-VEAU,5.35,2018040105934,2024-04-18,2024_04_18.csv,match,PORK,500
HACHIS PORC-VEAU,5.38,2018040105934,2024-04-18,2024_04_18.csv,match,PORK,500
CONCOMBRE 4PC,2.19,5400119569706,2024-04-18,2024_04_18.csv,ignore,,
TOMATES CERISE 1KG,6.99,5400117559532,2024-04-18,2024_04_18.csv,match,TOMATO,1000.0
HET TRAAGSTE BROOD P,4.9,543000017740,2024-04-18,2024_04_18.csv,match,BREAD,400
LINDEX EXCELLENCE,2.29,3046920028366,2024-04-18,2024_04_18.csv,ignore,,
LINDEX EXCELLENCE,2.29,3046920028366,2024-04-18,2024_04_18.csv,ignore,,
MOZZARELLA 125GR,1.39,8000430131033,2024-04-18,2024_04_18.csv,match,MOZZARELLA CHEESE,125
MOZZARELLA MAXI,2.69,8000430131033,2024-04-18,2024_04_18.csv,match,MOZZARELLA CHEESE,250
MOZZARELLA 125GR,1.39,8000430131033,2024-04-18,2024_04_18.csv,match,MOZZARELLA CHEESE,125
SAUMON FUME DL,5.49,5400119559426,2024-04-18,2024_04_18.csv,match,SALMON,100
MOZZARELLA MAXI,2.69,8000430131033,2024-04-18,2024_04_18.csv,match,MOZZARELLA CHEESE,250
MOZZARELLA 125GR,1.39,8000430131033,2024-04-18,2024_04_18.csv,match,MOZZARELLA CHEESE,125
MOZZARELLA 125GR,1.39,8000430131033,2024-04-18,2024_04_18.csv,match,MOZZARELLA CHEESE,125
SAUMON FUME DL,5.49,5400119559426,2024-04-18,2024_04_18.csv,match,SALMON,100
POISSON NUGGETS,5.69,5410001515005,2024-04-18,2024_04_18.csv,ignore,,
EPINARDS 500GR,2.99,5410487002344,2024-04-18,2024_04_18.csv,match,SPINACH,500
HET TRAAGSTE BROOD P,4.9,543000017740,2024-04-18,2024_04_18.csv,match,BREAD,400
BISCUITS BAGUE,2.29,5410001515005,2024-04-18,2024_04_18.csv,ignore,,
ROSETTE PURE PORC,1.99,5400112721018,2024-04-18,2024_04_18.csv,ignore,,100.0
TORTELLIS BASIL,2.49,5400119755333,2024-04-18,2024_04_18.csv,match,BASIL,
DANONE ACT FRAISES,2.49,5410146417177,2024-04-18,2024_04_18.csv,match,YOGURT,500
200G PETAIND JEU,1.99,5400113581328,2024-04-18,2024_04_18.csv,ignore,,200.0
DILL FOCACCIA BAS T,2.29,5400119600666,2024-04-18,2024_04_18.csv,ignore,,
POIVRONS MIX,2.99,5400119589876,2024-04-18,2024_04_18.csv,ignore,,
DANONE ACT FRAISES,2.49,5410146417177,2024-04-18,2024_04_18.csv,match,YOGURT,500
500G MIX 7 LAIT CHO,5.79,5053991259759,2024-04-18,2024_04_18.csv,ignore,,500.0
BIO BANANES,2.59,5400119599271,2024-04-18,2024_04_18.csv,match,BANANA,700
FRAISES 500G,4.99,5400357556006,2024-04-18,2024_04_18.csv,ignore,,500.0
4 STUK,4.65,5411170008444,2024-04-18,2024_04_18.csv,ignore,,
FRUIT & LEGUMES,4.49,5400119599271,2024-04-18,2024_04_18.csv,ignore,,
RAISIN ROUGE SA PE,6.49,5400112336472,2024-04-18,2024_04_18.csv,match,RAISIN,
MANGUE,2.99,5400119543466,2024-04-18,2024_04_18.csv,match,MANGO,600
MANGUE,2.99,5400119543466,2024-04-18,2024_04_18.csv,match,MANGO,600
6 WRAPS DE BLE,1.49,5400119595095,2024-04-18,2024_04_18.csv,match,FLOUR TORTILLA,240
FAIRBEL 1/2 E,8.09,0540030197142,2024-04-25,2024_04_25.csv,match,MILK,
450G NESQUIK CEREA,4.59,590002001620,2024-04-25,2024_04_25.csv,ignore,,450.0
DALI HUILE OLIV EX,6.99,5400101390343,2024-04-25,2024_04_25.csv,ignore,,
SOML BECEL HUILE,3.19,8719200020144,2024-04-25,2024_04_25.csv,ignore,,
100GR JEUNES POUSS,1.19,5400112363733,2024-04-25,2024_04_25.csv,match,SALAD GREENS,100
HET TRAAGSTE BROOD P,4.9,5430000174740,2024-04-25,2024_04_25.csv,match,BREAD,400
HET TRAAGSTE BROOD P,4.9,5430000174740,2024-04-25,2024_04_25.csv,match,BREAD,400
GRILLADE CURRY DOU,6.16,2208644040169,2024-05-04,2024_05_04.csv,match,CURRY,
FRESH CLEAN BR PEP,2.49,5413839,2024-05-04,2024_05_04.csv,ignore,,
EMINC POULET,6.98,2290520006981,2024-05-04,2024_05_04.csv,match,CHICKEN,750
CAROTTES BIO,2.43,5400112395050,2024-05-04,2024_05_04.csv,match,CARROT,500
100GR JEUNES POUSS,1.49,5400113637373,2024-05-04,2024_05_04.csv,match,SALAD GREENS,100
GRILLADE CURRY DOU,6.16,2208644040169,2024-05-04,2024_05_04.csv,match,CURRY,
HACHIS PORC-VEAU,11.12,2040844010124,2024-05-04,2024_05_04.csv,match,PORK,500
HACHIS PORC-VEAU,10.14,2040841010149,2024-05-04,2024_05_04.csv,match,PORK,500
EMIN POUL CUIT BBQ,3.99,5400119606909,2024-05-04,2024_05_04.csv,match,KOREAN BBQ SAUCE,
EMIN POUL CUIT BBQ,3.99,5400119606909,2024-05-04,2024_05_04.csv,match,KOREAN BBQ SAUCE,
200GR HOUMOUS,3.99,5400113384642,2024-05-04,2024_05_04.csv,match,HUMMUS,200
200GR HOUMOUS,3.99,5400113384642,2024-05-04,2024_05_04.csv,match,HUMMUS,200
AVOCAT,1.89,5400115956242,2024-05-04,2024_05_04.csv,match,AVOCADO,
AVOCAT,1.89,5400115956242,2024-05-04,2024_05_04.csv,match,AVOCADO,
300G POMME PINK LAD,0.4,370047661163,2024-05-04,2024_05_04.csv,match,APPLE,300
300G POMME PINK LAD,0.4,370047661163,2024-05-04,2024_05_04.csv,match,APPLE,300
KIWI VERT,0.42,5400115957667,2024-05-04,2024_05_04.csv,match,KIWI,100.0
BIO BANANEN,1.49,5400115954346,2024-05-04,2024_05_04.csv,match,BANANA,700
AVOCAT,1.89,5400115956242,2024-05-04,2024_05_04.csv,match,AVOCADO,
300G LOTUS JUM GAU,0.19,5410126014424,2024-05-04,2024_05_04.csv,match,SPECULOOS COOKIE,300
HERTA JAMBON SUP,4.49,3154238039022,2024-05-04,2024_05_04.csv,match,HAM,200
HERTA JAMBON SUP,4.49,3154238039022,2024-05-04,2024_05_04.csv,match,HAM,200
MINI SPECULOOS CHO,3.29,5425026055353,2024-05-04,2024_05_04.csv,ignore,,
FRAISE 400GR,4.99,5400115959734,2024-05-04,2024_05_04.csv,match,STRAWBERRY,400
FRAISE 400GR,4.99,5400115959734,2024-05-04,2024_05_04.csv,match,STRAWBERRY,400
6XSCHWEPPES MOJITO,14.34,312448819795,2024-05-08,2024_05_08.csv,ignore,,
SAPTAF APPEL,7.99,542802409005,2024-05-08,2024_05_08.csv,ignore,,
FRASER 1//2 E,8.09,54280278002,2024-05-08,2024_05_08.csv,ignore,,
BM 335G RHUBARBE,4.29,360858004773,2024-05-08,2024_05_08.csv,ignore,,335.0
300G COTE D OR PAT,4.95,762220151178,2024-05-08,2024_05_08.csv,match,CHOCOLATE,300
300G COTE D OR PAT,6.09,762220151666,2024-05-08,2024_05_08.csv,match,CHOCOLATE,300
400G NUTELLA,2.99,301762042200,2024-05-08,2024_05_08.csv,match,CHOCOLATE HAZELNUT SPREAD,400
40G MELANGE 5 BAIE,1.99,540011369073,2024-05-08,2024_05_08.csv,ignore,,40.0
PDT GRENAILLE 1KG,2.69,540011237842,2024-05-08,2024_05_08.csv,ignore,,1000
HAR TRAMTE BROOD P,4.9,540000007440,2024-05-08,2024_05_08.csv,match,BREAD,
DORITOS NACHO CHEE,1.75,871039816198,2024-05-08,2024_05_08.csv,ignore,,185
BIO BANANEN,2.59,401407169271,2024-05-08,2024_05_08.csv,match,BANANA,700
200G SCROCCHI EP,2.29,87122212342,2024-05-08,2024_05_08.csv,ignore,,200.0
25G LIME GRILLS,1.55,871039850228,2024-05-08,2024_05_08.csv,match,LIME,25
200G DUYVIS CRAC A,1.85,871039801154,2024-05-08,2024_05_08.csv,ignore,,200.0
600G POM DUCH DLL,0.95,540011127508,2024-05-08,2024_05_08.csv,ignore,,600
MRS JEUNES POUSSE,0.89,540011223642,2024-05-08,2024_05_08.csv,ignore,,
6PC POMME PINK LAD,3.99,370047661163,2024-05-08,2024_05_08.csv,match,APPLE,900
HET TRAGSTE BROOD P,4.9,543000017740,2024-05-08,2024_05_08.csv,match,BREAD,400
MOZZARELLA MAXI,2.89,800043013526,2024-05-08,2024_05_08.csv,match,MOZZARELLA CHEESE,250
MOZZARELLA MAXI,2.89,800043013526,2024-05-08,2024_05_08.csv,match,MOZZARELLA CHEESE,250
MOZZARELLA MAXI,2.89,800043013526,2024-05-08,2024_05_08.csv,match,MOZZARELLA CHEESE,250
MOZZARELLA MAXI,2.89,800043013526,2024-05-08,2024_05_08.csv,match,MOZZARELLA CHEESE,250
MOZZARELLA MAXI,2.89,800043013526,2024-05-08,2024_05_08.csv,match,MOZZARELLA CHEESE,250
390G VERMICEL LAIT,4.99,871570011948,2024-05-08,2024_05_08.csv,match,PASTA,390
MOZZARELLA MAXI,2.89,800043013526,2024-05-08,2024_05_08.csv,match,MOZZARELLA CHEESE,250
200G SM MINI TORTI,2.49,731131038417,2024-05-08,2024_05_08.csv,match,TORTELLINI,200
200G SM MINI TORTI,2.49,731131038417,2024-05-08,2024_05_08.csv,match,TORTELLINI,200
6 WRAPS DE BLE,1.49,540011958095,2024-05-08,2024_05_08.csv,match,FLOUR TORTILLA,240
600G POM DUCH DLL,0.95,540011127508,2024-05-08,2024_05_08.csv,ignore,,600
MES DEJEUNER DE SALAD,2.19,540011957632,2024-05-08,2024_05_08.csv,ignore,,
COPPA,4.29,540011953178,2024-05-08,2024_05_08.csv,ignore,,
HERTA LRDS NATUR,2.85,315423081405,2024-05-08,2024_05_08.csv,ignore,,
MOZZARELLA MAXI,2.89,800043013526,2024-05-08,2024_05_08.csv,match,MOZZARELLA CHEESE,250
125G BUGLES PAPRIK,1.59,871039850240,2024-05-08,2024_05_08.csv,ignore,,125.0
1.5L GINI LEMON,3.29,312448007200,2024-05-08,2024_05_08.csv,ignore,,1500.0
1.5L COCA REG PET,2.39,544900000043,2024-05-08,2024_05_08.csv,ignore,,1500.0
BIS CREAM GLAC,4.99,540011365654,2024-05-08,2024_05_08.csv,match,CREAM,
DLL BIO FT CREME G,4.99,540011365654,2024-05-08,2024_05_08.csv,match,ICE CREAM,
BROCHETTE PORC MA,5.01,204322,2024-05-08,2024_05_08.csv,match,PORK,200
BROCHETTE PORC MA,4.27,204322,2024-05-08,2024_05_08.csv,match,PORK,200
BROCHETTE PORC MA,4.48,204322,2024-05-08,2024_05_08.csv,match,PORK,200
OEUFS BIO 12 PCS,4.85,540011214140,2024-05-08,2024_05_08.csv,match,EGG,720
DEL FROMAGE MAIGRE,1.25,540011214140,2024-05-08,2024_05_08.csv,ignore,,
100G MKA CHOC LAIT,1.55,762221065659,2024-05-08,2024_05_08.csv,match,MILK CHOCOLATE,100
3 X 1.55,4.65,762221065659,2024-05-08,2024_05_08.csv,ignore,,
LINDT EXCELLENCE,2.39,304632002336,2024-05-08,2024_05_08.csv,ignore,,
LINDT EXCELLENCE,2.39,304632002336,2024-05-08,2024_05_08.csv,ignore,,
1.25MARTYD,1.25,540011300584,2024-05-08,2024_05_08.csv,ignore,,
300NL SAMOURAI SQ,4.15,541497211504,2024-05-08,2024_05_08.csv,ignore,,
SAUCE PIMENT SRIRA,3.19,88336205600,2024-05-08,2024_05_08.csv,match,SRIRACHA,
342G HEINZ TOM KET,2.05,871570012205,2024-05-08,2024_05_08.csv,ignore,,342.0
342G HEINZ TOM KET,2.05,871570012205,2024-05-08,2024_05_08.csv,ignore,,342.0
100G MKA CHOC LAIT,1.55,762221065659,2024-05-08,2024_05_08.csv,match,MILK CHOCOLATE,100
200GR EPINARD JEU,1.99,544900002882,2024-05-08,2024_05_08.csv,match,SPINACH,200
300G DLL CARE PATE,2.49,540011210330,2024-05-08,2024_05_08.csv,match,PORK,300
300G DLL CARE PATE,2.49,540011210330,2024-05-08,2024_05_08.csv,match,PORK,300
DES DE FILET THAI,6.19,540011952105,2024-05-08,2024_05_08.csv,match,CHICKEN,
DES DE FILET THAI,6.19,540011952105,2024-05-08,2024_05_08.csv,match,CHICKEN,
DES DE FILET THAI,6.19,540011952105,2024-05-08,2024_05_08.csv,match,CHICKEN,
PDT GRENAILLE 1KG,2.69,540011237842,2024-05-08,2024_05_08.csv,ignore,,1000
TOMATES CERISE 1KG,6.99,540011957582,2024-05-08,2024_05_08.csv,match,TOMATO,1000.0
GEMARINEERDE RIBS,3.26,204940,2024-05-08,2024_05_08.csv,match,PORK,300
GEMARINEERDE RIBS,2.95,204940,2024-05-08,2024_05_08.csv,match,PORK,300
GEMARINEERDE RIBS,3.42,204940,2024-05-08,2024_05_08.csv,match,PORK,300
CONC DE POULET,5.99,540011957961,2024-05-08,2024_05_08.csv,match,CHICKEN,700
PENNE RIGATE BARI,2.29,807680208573,2024-05-08,2024_05_08.csv,match,PASTA,500
PENNE RIGATE BARI,2.29,807680208573,2024-05-08,2024_05_08.csv,match,PASTA,500
PILON DE POULET,5.99,5400115799614,2024-05-11,2024_05_11.csv,match,CHICKEN,700
PILON DE POULET,5.99,5400115799614,2024-05-11,2024_05_11.csv,match,CHICKEN,700
GPC POMC PINK LAD,3.99,3076740616136,2024-05-11,2024_05_11.csv,match,APPLE,
GPC POMC PINK LAD,3.99,3076740616136,2024-05-11,2024_05_11.csv,match,APPLE,
EMIN POUL CUIT BBQ,3.95,5400119669509,2024-05-11,2024_05_11.csv,match,KOREAN BBQ SAUCE,
EMIN POUL CUIT BBQ,3.95,5400119669509,2024-05-11,2024_05_11.csv,match,KOREAN BBQ SAUCE,
TOMATES CERISE 1.5KG,4.19,5400119675821,2024-05-11,2024_05_11.csv,match,TOMATO,1500.0
BROCOLI,1.1,5400119675821,2024-05-11,2024_05_11.csv,match,BROCCOLI,
PASTEQUE MINI,3.99,5400119534926,2024-05-11,2024_05_11.csv,match,WATERMELON,2000
ZESPRI KINE GOLD D,2.64,9400000000000,2024-05-11,2024_05_11.csv,ignore,,
MOUSSE MOKKA,2.99,2048430004668,2024-05-11,2024_05_11.csv,ignore,,
SHRIMY MACASSOU,4.79,5413131961747,2024-05-11,2024_05_11.csv,ignore,,
ROSTIER PURE DORC,1.99,5400112732100,2024-05-11,2024_05_11.csv,ignore,,500
ROSTIER PURE DORC,1.99,5400112732100,2024-05-11,2024_05_11.csv,ignore,,500
STEW MARINE,4.82,2048493005333,2024-05-11,2024_05_11.csv,match,BEEF,400
STEW MARINE,5.39,2048493005333,2024-05-11,2024_05_11.csv,match,BEEF,400
BROCHETTE PORC MA,3.45,5400206501901,2024-05-11,2024_05_11.csv,match,PORK,200
BIO BANANE,1.5,4070071527211,2024-05-11,2024_05_11.csv,match,BANANA,700
HET TRAAGSTE BROOD P,1.0,5400110000170,2024-05-11,2024_05_11.csv,match,BREAD,400
TOMATE SAY GRAPPE,4.99,5400110000170,2024-05-11,2024_05_11.csv,match,TOMATO,
BIO PICCOLOS AVIONE,1.89,5400110000170,2024-05-11,2024_05_11.csv,ignore,,
BIOESCHE FILET POUL,5.99,2048155005336,2024-05-11,2024_05_11.csv,match,CHICKEN,300
BIOESCHE FILET POUL,6.02,2048155005336,2024-05-11,2024_05_11.csv,match,CHICKEN,300
LINGOT EXCELLENCE,2.39,5400110000170,2024-05-11,2024_05_11.csv,ignore,,
LINGOT EXCELLENCE,2.39,5400110000170,2024-05-11,2024_05_11.csv,ignore,,
GOUDA TRANC JEUNE,4.69,5400110000170,2024-05-11,2024_05_11.csv,match,GOUDA CHEESE,
HET TRAAGSTE BROOD D,1.0,5400110000170,2024-05-11,2024_05_11.csv,match,BREAD,
GOUDA TRANC JEUNE,4.69,5400110000170,2024-05-11,2024_05_11.csv,match,GOUDA CHEESE,
AVOCAT,2.49,5400119534926,2024-05-11,2024_05_11.csv,match,AVOCADO,
ACDC FILET POULET,6.43,2256500006498,2024-05-11,2024_05_11.csv,match,CHICKEN,750
ACDC FILET POULET,6.43,2256500006498,2024-05-11,2024_05_11.csv,match,CHICKEN,750
DES DE FILET THAI,6.19,5400119529156,2024-05-11,2024_05_11.csv,match,CHICKEN,
DES DE FILET THAI,6.19,5400119529156,2024-05-11,2024_05_11.csv,match,CHICKEN,
2PC MINI CAKE CHO,3.49,5400206501901,2024-05-11,2024_05_11.csv,match,RICE CAKE,200
2PC MINI CAKE CHO,3.49,5400206501901,2024-05-11,2024_05_11.csv,match,RICE CAKE,200
MARCHEOUS BLOC TRA,5.99,5400110000170,2024-05-11,2024_05_11.csv,ignore,,
DES DE FILET THAI,6.19,5400119529156,2024-05-11,2024_05_11.csv,match,CHICKEN,
DES DE FILET THAI,6.19,5400119529156,2024-05-11,2024_05_11.csv,match,CHICKEN,
DES DE FILET THAI,6.19,5400119529156,2024-05-11,2024_05_11.csv,match,CHICKEN,
DES DE FILET THAI,6.19,5400119529156,2024-05-11,2024_05_11.csv,match,CHICKEN,
GERLINA CHOCOLAT,2.95,317568185200,2024-06-02,2024_06_02.csv,match,CHOCOLATE,100
GERLINA CHOCOLAT,2.95,317568185200,2024-06-02,2024_06_02.csv,match,CHOCOLATE,100
ENJOY COCO FRUIT,8.69,31393000013,2024-06-02,2024_06_02.csv,ignore,,
380G VERMICEL LAIT,4.69,871570011948,2024-06-02,2024_06_02.csv,ignore,,380.0
300G LOTUS JUM GAU,3.49,541012601442,2024-06-02,2024_06_02.csv,match,SPECULOOS COOKIE,300
300G LOTUS JUM GAU,3.49,541012601442,2024-06-02,2024_06_02.csv,match,SPECULOOS COOKIE,300
300G LOTUS JUM GAU,3.49,541012601442,2024-06-02,2024_06_02.csv,match,SPECULOOS COOKIE,300
300G LOTUS JUM GAU,3.49,541012601442,2024-06-02,2024_06_02.csv,match,SPECULOOS COOKIE,300
TOFFEE GRAPPE,4.99,540011232132,2024-06-02,2024_06_02.csv,match,TOFFEE,
TOFFEE GRAPPE,4.99,540011232132,2024-06-02,2024_06_02.csv,match,TOFFEE,
TOFFEE GRAPPE,4.99,540011232132,2024-06-02,2024_06_02.csv,match,TOFFEE,
TOFFEE GRAPPE,4.99,540011232132,2024-06-02,2024_06_02.csv,match,TOFFEE,
DUN STOKERBROOD,20.55,204007,2024-06-02,2024_06_02.csv,match,BREAD,400
DIKKE AJUIN,2.29,599,2024-06-02,2024_06_02.csv,match,ONION,1000
SOMA MULTIGRAIN 40,2.49,871089902035,2024-06-02,2024_06_02.csv,match,BREAD,400
SOMA MULTIGRAIN 40,2.49,871089902035,2024-06-02,2024_06_02.csv,match,BREAD,400
FRISK CLEAN BR PEP,2.49,5413839,2024-06-02,2024_06_02.csv,ignore,,
FRISK CLEAN BR PEP,2.49,5413839,2024-06-02,2024_06_02.csv,ignore,,
LINDT EXCELLENCE,2.39,30462002836,2024-06-02,2024_06_02.csv,ignore,,
LINDT EXCELLENCE,2.39,30462002836,2024-06-02,2024_06_02.csv,ignore,,
LINDT EXCELLENCE,2.39,30462002836,2024-06-02,2024_06_02.csv,ignore,,
LINDT EXCELLENCE,2.39,30462002836,2024-06-02,2024_06_02.csv,ignore,,
HERTA LRDNS NATUR,2.85,315423081405,2024-06-02,2024_06_02.csv,match,PORK,200
GRANA PADANO,4.99,54011958986,2024-06-02,2024_06_02.csv,match,PARMESAN CHEESE,
SOMA CRUNCHY CREAM,5.35,76121000181,2024-06-02,2024_06_02.csv,match,CREAM,
60ML TAB PIME ROUG,3.79,1121060095,2024-06-02,2024_06_02.csv,ignore,,60.0
200GR HOUMOUS,2.19,540011238642,2024-06-02,2024_06_02.csv,match,HUMMUS,200
200GR HOUMOUS,2.19,540011238642,2024-06-02,2024_06_02.csv,match,HUMMUS,200
200GR HOUMOUS,2.19,540011238642,2024-06-02,2024_06_02.csv,match,HUMMUS,200
CAROTTES BIO,2.39,540011239500,2024-06-02,2024_06_02.csv,match,CARROT,500
80G PROSC PARMA,4.95,540011952675,2024-06-02,2024_06_02.csv,ignore,,80.0
JAMBON CUIT AU FOU,4.17,2258760,2024-06-02,2024_06_02.csv,match,HAM,200
CAROTTES BIO,2.39,540011239500,2024-06-02,2024_06_02.csv,match,CARROT,500
SOMA CANOLA,4.99,541998002185,2024-06-02,2024_06_02.csv,ignore,,
350G BG GRANOLA,4.99,541998002185,2024-06-02,2024_06_02.csv,ignore,,350.0
CAMP FROM FR ENTIE,1.95,871280000066,2024-06-02,2024_06_02.csv,match,BREAD,500
CORNE CHOCO 200G,3.09,541277500001,2024-06-02,2024_06_02.csv,ignore,,200.0
SOMA CHOCOLAT BIO,4.59,805257509093,2024-06-02,2024_06_02.csv,ignore,,
FRASSE 500G,4.99,540035701608,2024-06-02,2024_06_02.csv,match,STRAWBERRY,500
MIRTILLES 500GR,7.29,540011959739,2024-06-02,2024_06_02.csv,ignore,,500.0
400G HEBEI LOOPS,4.39,540391023829,2024-06-02,2024_06_02.csv,ignore,,400.0
FRASSE 500G,4.99,54003570500,2024-06-02,2024_06_02.csv,match,STRAWBERRY,500
"9 X 1,45",13.05,540011954346,2024-06-02,2024_06_02.csv,ignore,,
MYRTELLES 500GR,7.29,540011954346,2024-06-02,2024_06_02.csv,ignore,,500.0
FRAMBOISE 125G,2.99,540011952398,2024-06-02,2024_06_02.csv,match,RASPBERRY,125
400G NUTELLA,2.99,301762042200,2024-06-02,2024_06_02.csv,match,CHOCOLATE HAZELNUT SPREAD,400
OLIVES A L'AIL,3.69,540011958111,2024-06-02,2024_06_02.csv,ignore,,
CREME ENAMEL 1+1,6.59,870021644981,2024-06-02,2024_06_02.csv,ignore,,
PASTEQUE MINI,3.99,540011954328,2024-06-02,2024_06_02.csv,match,WATERMELON,2000
BIO BANANEN,2.59,40141765271,2024-06-02,2024_06_02.csv,match,BANANA,700
JEUNE POUSS MIK,1.49,540011238574,2024-06-02,2024_06_02.csv,match,SALAD GREENS,100
JEUNE POUSS MIK,1.49,540011238574,2024-06-02,2024_06_02.csv,match,SALAD GREENS,100
85G MEX STYLE BBQ,5.69,871760032604,2024-06-11,2024_06_11.csv,match,BARBECUE SEASONING,85
"COURGETTES 0,860 KG",1.81,2160,2024-06-11,2024_06_11.csv,match,ZUCCHINI,860
HERTA LRDNS NATUR,2.85,315423081405,2024-06-11,2024_06_11.csv,match,PORK,200
FILET DE JAMBON,4.39,2208487004391,2024-06-11,2024_06_11.csv,ignore,,250
FILET DE JAMBON,3.64,2208487003646,2024-06-11,2024_06_11.csv,ignore,,200
FILET DE JAMBON,4.68,2208487004681,2024-06-11,2024_06_11.csv,ignore,,250
HERTA LRDNS NATUR,2.85,315423081405,2024-06-11,2024_06_11.csv,match,PORK,200
JAMBON PARME,6.79,540011958888,2024-06-11,2024_06_11.csv,ignore,,400
JAMBON PARME,6.79,540011958888,2024-06-11,2024_06_11.csv,ignore,,400
400G NUTELLA,2.99,301762042200,2024-06-11,2024_06_11.csv,match,CHOCOLATE HAZELNUT SPREAD,400
SOMA MULTIGRAIN 40,2.49,871089902039,2024-06-11,2024_06_11.csv,match,BREAD,400
250G MOUTARDE BIO,2.55,541064111007,2024-06-11,2024_06_11.csv,match,MUSTARD,250
CONF.NOSTALGIE MA,4.19,541004600051,2024-06-11,2024_06_11.csv,ignore,,
1 SAC PP TISSE,0.89,540011368926,2024-06-11,2024_06_11.csv,ignore,,
1 SAC PP TISSE,0.89,540011368926,2024-06-11,2024_06_11.csv,ignore,,
FILET POITRINE DE,11.51,2208573011517,2024-06-11,2024_06_11.csv,match,PORK,400
FILET POITRINE DE,10.69,2208573010695,2024-06-11,2024_06_11.csv,match,PORK,400
FILET POITRINE DE,11.05,2208573011050,2024-06-11,2024_06_11.csv,match,PORK,400
FILET POITRINE DE,10.95,2208573010954,2024-06-11,2024_06_11.csv,match,PORK,400
350G DLL MIEL BIO,2.69,540011371760,2024-06-11,2024_06_11.csv,ignore,,350.0
MOZZARELLA MAXI,2.89,800043013526,2024-06-11,2024_06_11.csv,match,MOZZARELLA CHEESE,250
MOZZARELLA MAXI,2.89,800043013526,2024-06-11,2024_06_11.csv,match,MOZZARELLA CHEESE,250
GALBANI CROCC MOZZ,3.49,322802317010,2024-06-11,2024_06_11.csv,match,MOZZARELLA CHEESE,125
200G MINI GAUFR CH,4.29,542502605349,2024-06-11,2024_06_11.csv,match,WAFFLE,200
MINI SPECULOOS CHO,3.29,542502605353,2024-06-11,2024_06_11.csv,ignore,,
MANGUE 2X,5.98,540011954346,2024-06-11,2024_06_11.csv,match,MANGO,800
LINDT EXCELLENCE,2.39,304692002836,2024-06-11,2024_06_11.csv,ignore,,
LINDT EXCELLENCE,2.39,304692002836,2024-06-11,2024_06_11.csv,ignore,,
LINDT EXCELLENCE,2.39,304692002836,2024-06-11,2024_06_11.csv,ignore,,
LINDT EXCELLENCE,2.39,304692002836,2024-06-11,2024_06_11.csv,ignore,,
LINDT EXCELLENCE,2.39,304692002836,2024-06-11,2024_06_11.csv,ignore,,
250G PRESID FRIGO,5.09,315525036181,2024-06-11,2024_06_11.csv,match,BUTTER,250
RAVIOLI RIC&SPIN,3.89,800102011001,2024-06-11,2024_06_11.csv,match,RAVIOLI,
RAVIOLI RIC&SPIN,3.89,800102011001,2024-06-11,2024_06_11.csv,match,RAVIOLI,
125GR MESCLUN,1.99,540011236283,2024-06-11,2024_06_11.csv,match,SALAD GREENS,125
SOMA MULTIGRAIN 40,2.49,871089902039,2024-06-11,2024_06_11.csv,match,BREAD,400
300G DLL CARE PATE,2.49,540011210330,2024-06-11,2024_06_11.csv,match,PORK,300
300G DLL CARE PATE,2.49,540011210330,2024-06-11,2024_06_11.csv,match,PORK,300
6PC POMME PINK LAD,3.99,370047661163,2024-06-11,2024_06_11.csv,match,APPLE,900
6PC POMME PINK LAD,3.99,370047661163,2024-06-11,2024_06_11.csv,match,APPLE,900
250G PRESID FRIGO,5.09,315525036181,2024-06-11,2024_06_11.csv,match,BUTTER,250
BIO BANANEN,2.59,401407169271,2024-06-11,2024_06_11.csv,match,BANANA,700
ZESPRI KIWI GOLD,5.99,541519114384,2024-06-11,2024_06_11.csv,match,KIWI,700
1.5L DLL MULTI TET,1.29,540011373457,2024-06-11,2024_06_11.csv,match,FRUIT JUICE,1500
"SAN MARZANO 0,590 KG",2.94,2145,2024-06-11,2024_06_11.csv,match,TOMATO,590
BIO CAROTTES,2.39,540011239500,2024-06-11,2024_06_11.csv,match,CARROT,1000
BIO CAROTTES,2.39,540011239500,2024-06-11,2024_06_11.csv,match,CARROT,1000
AVOCAT 4X,5.8,540011956924,2024-06-11,2024_06_11.csv,match,AVOCADO,680
DANONE ACT FRAISES 4X,9.96,541014641777,2024-06-11,2024_06_11.csv,match,YOGURT,2000
750G MCC DUCHESSE,5.45,32568300505,2024-06-14,2024_06_14.csv,ignore,,750
750G MCC DUCHESSE,5.45,32568300505,2024-06-14,2024_06_14.csv,ignore,,750
BIO CAROTTES,2.39,540011239500,2024-06-14,2024_06_14.csv,match,CARROT,1000
HET TRAGSTE BROOD P,4.9,543000017740,2024-06-14,2024_06_14.csv,match,BREAD,400
SAUMON BELLE-VUE,5.99,540011959141,2024-06-14,2024_06_14.csv,match,SALMON,150
SAUMON BELLE-VUE,5.99,540011959141,2024-06-14,2024_06_14.csv,match,SALMON,150
ROSBIF,21.83,2040079021832,2024-06-14,2024_06_14.csv,match,BEEF,600
BIOEATE CERISE GRAP,4.99,540011581591,2024-06-14,2024_06_14.csv,ignore,,
FARMER RAUWKOST,2.85,871794800243,2024-06-14,2024_06_14.csv,match,FARMER CHEESE,
BURGER ANGUS,5.0,540011960558,2024-06-14,2024_06_14.csv,match,BEEF,200
200G DUVIES CRAC A,1.95,871794800154,2024-06-14,2024_06_14.csv,ignore,,200.0
BIO 300 FM PEN PES,5.99,542501540227,2024-06-14,2024_06_14.csv,ignore,,
MINI BABYBEL,5.09,307378119029,2024-06-14,2024_06_14.csv,ignore,,
BARILLA SPAGHETTI5,1.89,807680019505,2024-06-14,2024_06_14.csv,match,PASTA,500
BARILLA SPAGHETTI5,1.89,807680019505,2024-06-14,2024_06_14.csv,match,PASTA,500
132G B-READY T6,2.75,800050037255,2024-06-14,2024_06_14.csv,ignore,,132.0
MELI-MELO JORIS,1.29,54040404043,2024-06-14,2024_06_14.csv,ignore,,
MEI BABYBEL,5.09,307378119029,2024-06-14,2024_06_14.csv,match,GOUDA CHEESE,180
MEI BABYBEL,5.09,2040840410962,2024-06-14,2024_06_14.csv,match,GOUDA CHEESE,180
HACHIS PORC-VEAU,10.96,204084,2024-06-14,2024_06_14.csv,match,PORK,500
OREO GRIG VANILLE,1.49,76230033673,2024-06-14,2024_06_14.csv,ignore,,
NOCCI CONF FIGUES,4.09,541004601006,2024-06-14,2024_06_14.csv,ignore,,
COURGETTES,1.69,2160,2024-07-11,2024_07_11.csv,match,ZUCCHINI,500
FRAISE 500G,6.24,5400149575441,2024-07-11,2024_07_11.csv,match,STRAWBERRY,500
TOMATE CERISE 400G,3.16,5400149575441,2024-07-11,2024_07_11.csv,match,TOMATO,400.0
GUACRACHO 11,2.45,8422417100102,2024-07-11,2024_07_11.csv,ignore,,
DOS DE CABILLAUD,3.97,204093,2024-07-11,2024_07_11.csv,ignore,,
BURGER 100 % DE BO,3.97,204094,2024-07-11,2024_07_11.csv,ignore,,
BURGER 100 % DE BO,3.85,204094,2024-07-11,2024_07_11.csv,ignore,,
TOM BELG GRAPP,1.89,2523,2024-07-15,2024_07_15.csv,match,TOMATO,
MOZZARELLA MAXI,8.55,8000430133526,2024-07-15,2024_07_15.csv,match,MOZZARELLA CHEESE,250
6PC POMME PINK LAD,3.99,5414174001411,2024-07-15,2024_07_15.csv,match,APPLE,900
BIO CAROTTES,2.39,5400112395000,2024-07-15,2024_07_15.csv,match,CARROT,1000
GALBANI CROCC MOZZ,3.49,3228023170100,2024-07-15,2024_07_15.csv,match,MOZZARELLA CHEESE,125
GALBANI CROCC MOZZ,3.49,3228023170100,2024-07-15,2024_07_15.csv,match,MOZZARELLA CHEESE,125
GERLINEA CHOCOLAT,2.95,3180942158220,2024-07-15,2024_07_15.csv,match,CHOCOLATE,100
GERLINEA CHOCOLAT,2.95,3180942158220,2024-07-15,2024_07_15.csv,match,CHOCOLATE,100
GERLINEA CHOCOLAT,2.95,3180942158220,2024-07-15,2024_07_15.csv,match,CHOCOLATE,100
BIO BANANEN,2.99,5400141995271,2024-07-15,2024_07_15.csv,match,BANANA,700
1ST B'BETJIME BIO,4.99,5400141995271,2024-07-15,2024_07_15.csv,ignore,,
1TR CLASSIC BIO,4.99,4012824400006,2024-07-15,2024_07_15.csv,ignore,,
HET TRAAGSTE BROOD P,4.49,5400252013899,2024-07-15,2024_07_15.csv,match,BREAD,400
HET TRAAGSTE BROOD P,4.49,5400252013899,2024-07-15,2024_07_15.csv,match,BREAD,400
COURGETTES,1.97,2160,2024-07-15,2024_07_15.csv,match,ZUCCHINI,500
NECTARINE JAUNE,1.92,2958,2024-07-15,2024_07_15.csv,match,NECTARINE,600
400G NUTELLA,5.99,3017620422200,2024-07-15,2024_07_15.csv,match,CHOCOLATE HAZELNUT SPREAD,400
KIWI JAUNE,5.99,5400115957673,2024-07-15,2024_07_15.csv,match,KIWI,700
RAISIN ROUGE SA PE,2.49,5400112367672,2024-07-15,2024_07_15.csv,match,RAISIN,
200GR HOUMOUS,2.19,5400113386402,2024-07-15,2024_07_15.csv,match,HUMMUS,200
200GR HOUMOUS,2.19,5400113386402,2024-07-15,2024_07_15.csv,match,HUMMUS,200
ROSBIEF,19.11,204007,2024-07-15,2024_07_15.csv,ignore,,
B&J CO DO SWICH UP,6.49,871132737168,2024-07-18,2024_07_18.csv,match,ICE CREAM,465
GAZPACHO 1L,5.39,842217401002,2024-07-18,2024_07_18.csv,match,VEGETABLE JUICE,1000
SCE BRAZIL DLL TD,1.39,540011367040,2024-07-18,2024_07_18.csv,match,MAYONNAISE,300
POIS CHICHES,0.79,540011362046,2024-07-18,2024_07_18.csv,ignore,,
6X55ML MAGNUM ALMO,4.49,871132761192,2024-07-18,2024_07_18.csv,match,ICE CREAM,330
ENTREM COMTE FRUIT,8.69,312393065013,2024-07-18,2024_07_18.csv,match,COMTE CHEESE,250
MOZZARELLA MAXI,2.85,800043013526,2024-07-18,2024_07_18.csv,match,MOZZARELLA CHEESE,250
MOZZARELLA MAXI,2.85,800043013526,2024-07-18,2024_07_18.csv,match,MOZZARELLA CHEESE,250
MOZZARELLA MAXI,2.85,800043013526,2024-07-18,2024_07_18.csv,match,MOZZARELLA CHEESE,250
MOZZARELLA MAXI,2.85,800043013526,2024-07-18,2024_07_18.csv,match,MOZZARELLA CHEESE,250
COEUR DOUX LIT GEM,2.29,540011957562,2024-07-18,2024_07_18.csv,match,LETTUCE,200
TOMATE CERISE GRAP,4.99,540011958191,2024-07-18,2024_07_18.csv,match,TOMATO,
AVOCAT 6X,8.7,540011956924,2024-07-18,2024_07_18.csv,match,AVOCADO,1020
1KG TRESOR MILK,10.59,505008354241,2024-07-18,2024_07_18.csv,match,MILK,1000
BIO CAROTTES,2.39,540011239500,2024-07-18,2024_07_18.csv,match,CARROT,1000
HET TRAAGSTE BROOD P,4.9,543000017740,2024-07-18,2024_07_18.csv,match,BREAD,400
MEZZEL. PARMI. REG,4.19,800601399034,2024-07-18,2024_07_18.csv,match,RAVIOLI,250
580G CHOCOS,4.99,505931902483,2024-07-18,2024_07_18.csv,ignore,,580.0
RAVIOLI POMODORI,3.85,800102011418,2024-07-18,2024_07_18.csv,match,RAVIOLI,
6 PACK LEO,4.65,762230002087,2024-07-18,2024_07_18.csv,match,CHOCOLATE,200
CARBONNADES I CHOI,13.65,2040237013655,2024-07-18,2024_07_18.csv,match,BEEF,800
FRAMBOIS 125G,2.99,540011952398,2024-07-18,2024_07_18.csv,match,RASPBERRY,125
D365LARD PETDEJ,2.39,540011959229,2024-07-18,2024_07_18.csv,match,BACON,200
JAMBON DEGRAISSE,3.79,2208132003793,2024-07-18,2024_07_18.csv,match,HAM,200
JAMBON DEGRAISSE,3.87,2208132003878,2024-07-18,2024_07_18.csv,match,HAM,200
TOMATE SAV GRAPPE,4.99,540011232132,2024-07-18,2024_07_18.csv,match,TOMATO,
HET TRAAGSTE BROOD P,4.9,543000017740,2024-07-18,2024_07_18.csv,match,BREAD,400
GIRASOLI LEGUMES,3.79,800601301672,2024-07-18,2024_07_18.csv,match,RAVIOLI,250
BURGER ANGUS,5.0,540011960558,2024-07-18,2024_07_18.csv,match,BEEF,200
BURGER ANGUS,5.0,540011960558,2024-07-18,2024_07_18.csv,match,BEEF,200
KIWI JAUNE,5.99,540011957673,2024-07-18,2024_07_18.csv,match,KIWI,700
HET TRAAGSTE BROOD P,4.9,543000017740,2024-07-18,2024_07_18.csv,match,BREAD,400
BRIOCHE BUN 324G,2.49,590262095222,2024-07-18,2024_07_18.csv,match,BRIOCHE,324
HERTA LRDNS NATUR,2.85,315423081405,2024-07-18,2024_07_18.csv,match,PORK,200
FILET AMERICAIN PR,2.79,2040808002798,2024-07-18,2024_07_18.csv,match,BEEF,150
MANGUE 2X,4.38,540011954346,2024-07-18,2024_07_18.csv,match,MANGO,800
GERLINEA CHOCOLAT,2.95,317568185200,2024-07-18,2024_07_18.csv,match,CHOCOLATE,100
200GR EPINARD JEU,1.99,540011235182,2024-07-18,2024_07_18.csv,match,SPINACH,200
250G CAFE GR COLOM,7.99,800375310490,2024-07-18,2024_07_18.csv,match,COFFEE,250
OEUFS COLUMBUS,3.85,541094600046,2024-07-18,2024_07_18.csv,match,EGG,360
OEUFS COLUMBUS,3.85,541094600046,2024-07-18,2024_07_18.csv,match,EGG,360
OEUFS COLUMBUS,3.85,541094600046,2024-07-18,2024_07_18.csv,match,EGG,360
DLL CREME 1L,4.59,540011952225,2024-07-18,2024_07_18.csv,match,CREAM,1000
250G MIEL LIQ BIO,5.65,541003820532,2024-07-18,2024_07_18.csv,match,HONEY,250
400G DLL PATE NOIS,2.55,540011369649,2024-07-18,2024_07_18.csv,ignore,,400.0
BIO HOUMOUS 200G,2.99,540011234720,2024-07-18,2024_07_18.csv,match,HUMMUS,200
MYRTILLES 500GR,7.29,540011959739,2024-07-18,2024_07_18.csv,match,BLUEBERRY,500
100GR JEUNES POUSS,1.19,540011236373,2024-07-18,2024_07_18.csv,match,SALAD GREENS,100
100GR JEUNES POUSS,1.19,540011236373,2024-07-18,2024_07_18.csv,match,SALAD GREENS,100
HERTA PATE PIZZA,2.65,315423060057,2024-07-18,2024_07_18.csv,match,PIZZA CRUST,260
150G DELICHOC LAIT,2.05,311643020893,2024-07-18,2024_07_18.csv,match,COOKIE,150
300G LOTUS JUM GAU,3.49,541012601442,2024-07-18,2024_07_18.csv,match,SPECULOOS COOKIE,300
240G MINI CAKE CHO,3.45,542502605343,2024-07-18,2024_07_18.csv,match,SPONGE CAKE,240
200G MINI GAUFR CH,4.29,542502605349,2024-07-18,2024_07_18.csv,match,WAFFLE,200
BIO BANANEN,2.59,401407169271,2024-07-18,2024_07_18.csv,match,BANANA,700
26T SUN OPTIM REG,14.99,872018137631,2024-07-18,2024_07_18.csv,ignore,,
26T SUN OPTIM REG,14.99,872018137631,2024-07-18,2024_07_18.csv,ignore,,
26T SUN OPTIM REG,14.99,872018137631,2024-07-18,2024_07_18.csv,ignore,,
26T SUN OPTIM REG,14.99,872018137631,2024-07-18,2024_07_18.csv,ignore,,
26T SUN OPTIM REG,14.99,872018137631,2024-07-18,2024_07_18.csv,ignore,,
GERLINEA CHOCOLAT,2.95,317568185200,2024-07-18,2024_07_18.csv,match,CHOCOLATE,100
GERLINEA CHOCOLAT,2.95,317568185200,2024-07-18,2024_07_18.csv,match,CHOCOLATE,100
6 PACK LEO,4.65,762230002087,2024-07-18,2024_07_18.csv,match,CHOCOLATE,200
EXCELLENCE 70% 2X,4.58,304692002800,2024-07-18,2024_07_18.csv,match,CHOCOLATE,200
LINDT EXCELLENCE 2X,4.78,304692002836,2024-07-18,2024_07_18.csv,match,CHOCOLATE,200
FAIREBEL 1/2 E,8.09,542502728002,2024-07-21,2024_07_21.csv,match,MILK,
6PC POMME PINK LAD,3.99,541147400141,2024-07-21,2024_07_21.csv,match,APPLE,900
6PC POMME PINK LAD,3.99,541147400141,2024-07-21,2024_07_21.csv,match,APPLE,900
165G PRINGLES ORIG,2.29,503399012772,2024-07-21,2024_07_21.csv,ignore,,165.0
FAIREBEL BEURRE,4.25,542502728070,2024-07-21,2024_07_21.csv,match,BUTTER,500
DANONE ACT 0% SX,5.05,541001464731,2024-07-21,2024_07_21.csv,ignore,,
PISSOILET,0.65,505,2024-07-21,2024_07_21.csv,ignore,,
SAUCISSON JAMBON,1.35,54011858548,2024-07-21,2024_07_21.csv,ignore,,100.0
PHILADELPHIA ORIGI,3.15,762221095556,2024-07-21,2024_07_21.csv,match,CREAM CHEESE,200
TR.ORIGINAL 180G,3.29,872180040217,2024-07-21,2024_07_21.csv,ignore,,180.0
CARPACCIO,4.65,204356,2024-07-21,2024_07_21.csv,match,BEEF,120
CARPACCIO,5.01,204356,2024-07-21,2024_07_21.csv,match,BEEF,120
CARPACCIO,4.86,204356,2024-07-21,2024_07_21.csv,match,BEEF,120
MRS. JEUNES POUSSE,0.89,54011220780,2024-07-21,2024_07_21.csv,ignore,,
150ML REX COB DRY,4.79,872018118380,2024-07-21,2024_07_21.csv,ignore,,150.0
150ML REX COB DRY,4.79,872018118380,2024-07-21,2024_07_21.csv,ignore,,150.0
150ML REX QUANT DR,5.35,872018119614,2024-07-21,2024_07_21.csv,ignore,,150.0
150ML REX COB DRY,4.79,872018118380,2024-07-21,2024_07_21.csv,ignore,,150.0
20CL CAPR-SUN TROP,0.47,400017721131,2024-07-21,2024_07_21.csv,ignore,,200.0
20CL CAPR-SUN TROP,0.47,400017721131,2024-07-21,2024_07_21.csv,ignore,,200.0
20CL CAPR-SUN TROP,0.47,400017721131,2024-07-21,2024_07_21.csv,ignore,,200.0
20CL CAPR-SUN TROP,0.47,400017721131,2024-07-21,2024_07_21.csv,ignore,,200.0
BIO BANANEN,2.59,40140716271,2024-07-21,2024_07_21.csv,match,BANANA,700
10X18.5G YOERRY,4.39,500015941935,2024-07-21,2024_07_21.csv,ignore,,185.0
ECHALOTES 500G,1.09,540011958508,2024-07-21,2024_07_21.csv,match,SHALLOT,500
342G HELNZ TOM KET,2.05,872018118380,2024-07-21,2024_07_21.csv,ignore,,342.0
DIKKE PREI BUSSEL,3.39,542500984100,2024-07-21,2024_07_21.csv,ignore,,
BOI REP CURRY VERT,5.89,540011951995,2024-07-21,2024_07_21.csv,match,CURRY,
ACTIV 4X125 0% FRA,2.99,541014641923,2024-07-21,2024_07_21.csv,ignore,,
BIO MINT,3.99,7622300077170,2024-07-21,2024_07_21.csv,match,MINT,
VEGAN GOUDA 120GR,2.95,541221805621,2024-07-21,2024_07_21.csv,match,GOUDA CHEESE,120.0
RAISIN MIX 500G,2.49,540011957956,2024-07-21,2024_07_21.csv,match,RAISIN,500.0
32CL MOGU MOGU FR,1.69,885038910329,2024-07-25,2024_07_25.csv,ignore,,320.0
FRISK XL TINS PEP,2.65,8731149,2024-07-25,2024_07_25.csv,ignore,,
250G DLL NICARAGUA,4.49,540011359433,2024-07-25,2024_07_25.csv,match,COFFEE,250
250G L28 INDONESIA,4.99,540011364022,2024-07-25,2024_07_25.csv,ignore,,250.0
250G L28 INDONESIA,4.99,540011364022,2024-07-25,2024_07_25.csv,ignore,,250.0
250G DLL NICARAGUA,4.49,540011359433,2024-07-25,2024_07_25.csv,match,COFFEE,250
250G L28 BRAZIL,4.99,540011359431,2024-07-25,2024_07_25.csv,match,BRAZIL NUT,250
350G HG GRANOLA,4.99,54195802185,2024-07-25,2024_07_25.csv,ignore,,350.0
350G HG GRANOLA,4.99,54195802185,2024-07-25,2024_07_25.csv,ignore,,350.0
CORIANDRE BIO,2.29,540011957590,2024-07-25,2024_07_25.csv,match,CORIANDER,30
MENTHE GROS PO BIO,2.29,540011237293,2024-07-25,2024_07_25.csv,match,MINT,
75G CHIPS POIS BIO,1.85,540011364773,2024-07-25,2024_07_25.csv,match,PEA,75
250G L28 BRAZIL,4.99,540011359431,2024-07-25,2024_07_25.csv,match,BRAZIL NUT,250
CARPACCIO,5.49,2043564005492,2024-07-25,2024_07_25.csv,match,BEEF,120
CARPACCIO,4.83,204356,2024-07-25,2024_07_25.csv,match,BEEF,120
BIO BANANEN,2.59,401407169271,2024-07-25,2024_07_25.csv,match,BANANA,700
33C CANADA DRY CAN,1.15,312448019734,2024-07-25,2024_07_25.csv,ignore,,
33C CANADA DRY CAN,1.15,312448019734,2024-07-25,2024_07_25.csv,ignore,,
33CL SCHW MOJITO Z,1.11,541022130662,2024-07-25,2024_07_25.csv,ignore,,330.0
33CL SCHW MOJITO Z,1.11,541022130662,2024-07-25,2024_07_25.csv,ignore,,330.0
33CL SCHWEPPES TON,0.61,312448018685,2024-07-25,2024_07_25.csv,ignore,,330.0
33CL SCHWEPPES TON,0.61,312448018685,2024-07-25,2024_07_25.csv,ignore,,330.0
CARPACCIO,2.99,204356404013,2024-07-25,2024_07_25.csv,match,BEEF,120
HET TRAGSTE BROOD P,4.9,543000017740,2024-07-25,2024_07_25.csv,match,BREAD,400
HET TRAGSTE BROOD P,4.9,543000017740,2024-07-25,2024_07_25.csv,match,BREAD,400
AVOCAI,,540011956524,2024-07-25,2024_07_25.csv,match,AVOCADO,
6PC POMME PINK LAD,3.99,541147400141,2024-07-25,2024_07_25.csv,match,APPLE,900
6PC POMME PINK LAD,3.99,541147400141,2024-07-25,2024_07_25.csv,match,APPLE,900
POMME GRENA,3.29,540011232460,2024-07-25,2024_07_25.csv,match,POMEGRANATE,400
FM BIO SW POT 360G,6.49,425015408092,2024-07-25,2024_07_25.csv,match,SWEET POTATO,360.0
1KG FARINE FERMENT,1.89,541023109582,2024-07-25,2024_07_25.csv,ignore,,1000.0
COURGETTES,,2160,2024-07-25,2024_07_25.csv,match,ZUCCHINI,500
MANGUE,2.19,540011954346,2024-07-25,2024_07_25.csv,match,MANGO,400
TORTILLA BIO,1.89,540011102688,2024-07-25,2024_07_25.csv,match,TORTILLA,
HERTA PATE BRISSEE,1.99,312448006561,2024-07-25,2024_07_25.csv,match,PIE CRUST,230
HERTA PATE BRISSEE,1.99,312448006561,2024-07-25,2024_07_25.csv,match,PIE CRUST,230
DORITOS NACHO CHEE,1.75,871039816198,2024-07-25,2024_07_25.csv,ignore,,185
GAROF MOZZA BUF A D,3.69,801678400092,2024-07-25,2024_07_25.csv,match,MOZZARELLA CHEESE,125
GAROF MOZZA BUF A D,3.69,801678400092,2024-07-25,2024_07_25.csv,match,MOZZARELLA CHEESE,125
FRASSE 500G,3.7,540038701546,2024-07-25,2024_07_25.csv,match,STRAWBERRY,500
MANGUE,2.19,540011954346,2024-07-25,2024_07_25.csv,match,MANGO,400
PEREN,,583,2024-07-25,2024_07_25.csv,match,PEAR,1000
GAROF MOZZA BUF A D,3.69,801678400092,2024-07-25,2024_07_25.csv,match,MOZZARELLA CHEESE,125
DUO FRAMBOISE MY,5.79,540011959742,2024-07-25,2024_07_25.csv,ignore,,700
200GR HOUMOUS,2.19,540011238642,2024-07-25,2024_07_25.csv,match,HUMMUS,200
NATURAL OLIVES BIO,2.79,540011959445,2024-07-25,2024_07_25.csv,ignore,,
PEREN,,583,2024-07-25,2024_07_25.csv,match,PEAR,1000
200G DE INSTANT GO,10.65,871130054496,2024-07-25,2024_07_25.csv,ignore,,200.0
GARZPACHO 1L,5.39,842217401002,2024-07-25,2024_07_25.csv,match,TOMATO,1000
GARZPACHO 1L,5.39,842217401002,2024-07-25,2024_07_25.csv,match,TOMATO,1000
MANDARINES,,2356,2024-07-25,2024_07_25.csv,match,CLEMENTINE,500
GAROF MOZZA BUF A D,3.69,801678400092,2024-07-25,2024_07_25.csv,match,MOZZARELLA CHEESE,125
160G FEVES DE SOJA,3.29,308369107964,2024-07-25,2024_07_25.csv,ignore,,160.0
DANONE ACT FRAISES,2.49,541014641777,2024-07-25,2024_07_25.csv,match,YOGURT,500
6X33CL LEFFE 0.0 C,8.39,540012826106,2024-07-25,2024_07_25.csv,ignore,,1980.0
50C COCA COLA REG.,1.35,5449147,2024-07-25,2024_07_25.csv,ignore,,
TOMATE CERISE GRAP,4.49,540011958191,2024-07-25,2024_07_25.csv,match,TOMATO,
TOMATE CERISE GRAP,4.49,540011958191,2024-07-25,2024_07_25.csv,match,TOMATO,
33CL SCHWEPPES TON,0.61,312448018685,2024-07-25,2024_07_25.csv,ignore,,330.0
33CL SCHWEPPES TON,0.61,312448018685,2024-07-25,2024_07_25.csv,ignore,,330.0
25CL CORE ZERO PET,1.05,5011257,2024-07-25,2024_07_25.csv,ignore,,250.0
AUBERGINE GRAFFITI,5.03,"1,260 Kg x 3,99/ Kg",2024-07-25,2024_07_25.csv,match,EGGPLANT,
SAN MARZANO,4.33,"1,085 Kg x 3,99/ Kg",2024-07-25,2024_07_25.csv,match,TOMATO,400
SAN PELLEGRINO,0.89,800227001490,2024-07-25,2024_07_25.csv,ignore,,
CAROTTES BIO,2.39,540011235900,2024-07-25,2024_07_25.csv,match,CARROT,500
CAROTTES BIO,2.39,540011235900,2024-07-25,2024_07_25.csv,match,CARROT,500
OIGNON ROUGE 2PC,1.99,540011231473,2024-07-25,2024_07_25.csv,match,ONION,300
PDT GRENAILLE 1KG,2.89,540011237842,2024-07-25,2024_07_25.csv,ignore,,1000
33CL SCH GINGER AL,1.11,312448018594,2024-07-25,2024_07_25.csv,ignore,,330.0
33CL SCH GINGER AL,1.11,312448018594,2024-07-25,2024_07_25.csv,ignore,,330.0
POI: 01691910,,,2024-07-25,2024_07_25.csv,ignore,,
TICKET CLIENT,,,2024-07-25,2024_07_25.csv,ignore,,
TERUG,0.0,,2024-07-25,2024_07_25.csv,ignore,,
TIMBRE(S) MASCOTTE REÇU,13.0,,2024-07-25,2024_07_25.csv,ignore,,
"NS: 207,23",,,2024-07-25,2024_07_25.csv,ignore,,
BIO = BE-BIO-01,,,2024-07-25,2024_07_25.csv,ignore,,
DU COTE DE LA VRAIE VIE,,,2024-07-25,2024_07_25.csv,ignore,,
75CL PROSECCO DOC,10.99,800622000166,2024-07-30,2024_07_30.csv,ignore,,750.0
75CL PROSECCO DOC,10.99,800622000166,2024-07-30,2024_07_30.csv,ignore,,750.0
FAIREBEL 1/2 E,8.09,542502728002,2024-07-30,2024_07_30_b.csv,match,MILK,
6X25CL JUPILER BAS,5.45,541022821134,2024-07-30,2024_07_30_b.csv,ignore,,1500.0
6X25CL JUPILER 0.6E,0.6,217000000081,2024-07-30,2024_07_30_b.csv,ignore,,1500.0
6X33CL SCHWEPPES M,6.59,312448018743,2024-07-30,2024_07_30_b.csv,ignore,,1980.0
PDT GRENAILLE 1KG,2.89,540011237842,2024-07-30,2024_07_30_b.csv,ignore,,1000
75 ROSE MONTAUR18R,5.99,330329290581,2024-07-30,2024_07_30_b.csv,ignore,,
140G ROCK SALT,5.75,731131026797,2024-07-30,2024_07_30_b.csv,match,SALT,140
TELLICHERRY PEPPER,5.55,731131026807,2024-07-30,2024_07_30_b.csv,match,RED PEPPER,
125G DLL CRAC A,1.95,871033801154,2024-07-30,2024_07_30_b.csv,ignore,,125.0
BIO PITTEMIX 150G,4.65,542003641609,2024-07-30,2024_07_30_b.csv,ignore,,150.0
DLL BIO CREME GLAC,5.39,540011365652,2024-07-30,2024_07_30_b.csv,match,ICE CREAM,
DLL BIO FT CREME G,5.39,540011365653,2024-07-30,2024_07_30_b.csv,match,ICE CREAM,
DLL BIO CREME GLAC,5.39,540011365654,2024-07-30,2024_07_30_b.csv,match,ICE CREAM,
185G TORTIL CHILI,3.29,841007648176,2024-07-30,2024_07_30_b.csv,ignore,,185.0
75G CHIPS POIS BIO,1.85,540011366773,2024-07-30,2024_07_30_b.csv,match,PEA,75
140G POUSE MIX,1.49,540011238574,2024-07-30,2024_07_30_b.csv,ignore,,140.0
PDT GRENAILLE 1KG,2.89,540011237842,2024-07-30,2024_07_30_b.csv,ignore,,1000
JEUNE POUSE MIX,1.49,540011238574,2024-07-30,2024_07_30_b.csv,ignore,,
ECHAUTES 500G,1.09,540011238009,2024-07-30,2024_07_30_b.csv,ignore,,500.0
200GR EPINARD JEU,1.99,540011235182,2024-07-30,2024_07_30_b.csv,match,SPINACH,200
125G DLL CASSAVE,1.19,540011368464,2024-07-30,2024_07_30_b.csv,match,CASSAVA,125
6X1L SANPELLEGRINO,5.25,800227004489,2024-07-30,2024_07_30_b.csv,ignore,,6000.0
MANGUE,0.0,2036,2024-07-30,2024_07_30_b.csv,match,MANGO,
2 X AVOCAT,4.38,540011954346,2024-07-30,2024_07_30_b.csv,match,AVOCADO,340
4 X 1L APEROL,5.8,800223000001,2024-07-30,2024_07_30_b.csv,ignore,,1000.0
BIO BANANEN,2.59,40140716271,2024-07-30,2024_07_30_b.csv,match,BANANA,700
CAROTTES BIO,2.39,540011235900,2024-07-30,2024_07_30_b.csv,match,CARROT,500
POIVRONS ROUGES,0.91,2036,2024-07-30,2024_07_30_b.csv,match,BELL PEPPER,400
OLIVE DENOYA 130G,2.49,540011957834,2024-07-30,2024_07_30_b.csv,ignore,,130.0
200GR HOUMOUS,2.19,540011238642,2024-07-30,2024_07_30_b.csv,match,HUMMUS,200
200GR HOUMOUS,2.19,540011238642,2024-07-30,2024_07_30_b.csv,match,HUMMUS,200
200G SCROCHI EP,2.29,871224722942,2024-07-30,2024_07_30_b.csv,ignore,,200.0
TOMATE CERISE GRAP,4.49,540011958191,2024-07-30,2024_07_30_b.csv,match,TOMATO,
TOMATE CERISE GRAP,4.49,540011958191,2024-07-30,2024_07_30_b.csv,match,TOMATO,
JAMBON DEGRAISSE,3.85,2208132,2024-07-30,2024_07_30_b.csv,match,HAM,200
JAMBON DEGRAISSE,3.85,2208132,2024-07-30,2024_07_30_b.csv,match,HAM,200
MOUSSEL.POM.MATER,1.79,541004607005,2024-08-08,2024_08_08.csv,match,APPLE,100
MOUSSEL.POM.MATER,1.79,541004607005,2024-08-08,2024_08_08.csv,match,APPLE,100
AVOCAT,1.45,540011955924,2024-08-08,2024_08_08_b.csv,match,AVOCADO,
AVOCAT,1.45,540011955924,2024-08-08,2024_08_08_b.csv,match,AVOCADO,
AVOCAT,1.45,540011955924,2024-08-08,2024_08_08_b.csv,match,AVOCADO,
AVOCAT,1.45,540011955924,2024-08-08,2024_08_08_b.csv,match,AVOCADO,
AVOCAT,1.45,540011955924,2024-08-08,2024_08_08_b.csv,match,AVOCADO,
FAIREBEL 1/2 E,8.09,542502728002,2024-08-08,2024_08_08_b.csv,match,MILK,
VEET CREME DEP.JAM,11.09,305994800706,2024-08-08,2024_08_08_b.csv,ignore,,
HGK RCH PG MCH,4.95,8735273,2024-08-08,2024_08_08_b.csv,ignore,,
HG DETACH SPEC 1,4.19,8730053,2024-08-08,2024_08_08_b.csv,ignore,,
HG DETACH SPEC 7,4.19,8730454,2024-08-08,2024_08_08_b.csv,ignore,,
BOKMAAN DET. SANG,3.49,400845521211,2024-08-08,2024_08_08_b.csv,ignore,,
NECTARINE BLANCHE,4.95,2595,2024-08-08,2024_08_08_b.csv,ignore,,1250
UDON NOUILLES,3.99,400235901984,2024-08-08,2024_08_08_b.csv,match,UDON NOODLE,
UDON NOUILLES,3.99,400235901984,2024-08-08,2024_08_08_b.csv,match,UDON NOODLE,
UDON NOUILLES,3.99,400235901984,2024-08-08,2024_08_08_b.csv,match,UDON NOODLE,
HET TRAAGSTE BROOD P,4.9,543000017740,2024-08-08,2024_08_08_b.csv,match,BREAD,400
HET TRAAGSTE BROOD P,4.9,543000017740,2024-08-08,2024_08_08_b.csv,match,BREAD,400
SAUCISSE P&V,3.44,2040889030446,2024-08-08,2024_08_08_b.csv,match,ITALIAN SAUSAGE,200
SAUCISSE P&V,3.67,2040889033673,2024-08-08,2024_08_08_b.csv,match,ITALIAN SAUSAGE,200
SAUCISSE P&V,4.01,2040889004014,2024-08-08,2024_08_08_b.csv,match,ITALIAN SAUSAGE,200
SAUCISSE P&V,3.69,2040889000369,2024-08-08,2024_08_08_b.csv,match,ITALIAN SAUSAGE,200
6PC POMME PINK LAD,3.99,5411474004141,2024-08-08,2024_08_08_b.csv,match,APPLE,900
6PC POMME PINK LAD,3.99,5411474004141,2024-08-08,2024_08_08_b.csv,match,APPLE,900
100GR JEUNES POUSS,1.19,540011234673,2024-08-08,2024_08_08_b.csv,match,SALAD GREENS,100
MANGUE,2.19,540011954346,2024-08-08,2024_08_08_b.csv,match,MANGO,400
MANGUE,2.19,540011954346,2024-08-08,2024_08_08_b.csv,match,MANGO,400
100GR JEUNES POUSS,1.19,540011234673,2024-08-08,2024_08_08_b.csv,match,SALAD GREENS,100
125GR MESCLUN,1.99,540011236283,2024-08-08,2024_08_08_b.csv,match,SALAD GREENS,125
125GR MESCLUN,1.99,540011236283,2024-08-08,2024_08_08_b.csv,match,SALAD GREENS,125
TOMATE CERISE GRAP,4.49,540011958191,2024-08-08,2024_08_08_b.csv,match,TOMATO,
TOMATE CERISE GRAP,4.49,540011958191,2024-08-08,2024_08_08_b.csv,match,TOMATO,
VEET MINIMA VISAGE,11.89,3059948003393,2024-08-08,2024_08_08_b.csv,ignore,,
BIO BANANEN,2.59,401407169271,2024-08-08,2024_08_08_b.csv,match,BANANA,700
BIO BANANEN,2.59,401407169271,2024-08-08,2024_08_08_b.csv,match,BANANA,700
HET TRAAGSTE BROOD P,4.9,543000017740,2024-08-08,2024_08_08_b.csv,match,BREAD,400
HET TRAAGSTE BROOD P,4.9,543000017740,2024-08-28,2024_08_28.csv,match,BREAD,400
HET TRAAGSTE BROOD P,4.9,543000017740,2024-08-28,2024_08_28.csv,match,BREAD,400
HET TRAAGSTE BROOD P,4.9,543000017740,2024-08-28,2024_08_28.csv,match,BREAD,400
SPINAZIE 450GR,2.6,541091429503,2024-08-28,2024_08_28.csv,match,SPINACH,450
BECKMANN D. FRUITS,3.65,400845552121,2024-08-28,2024_08_28.csv,ignore,,
BECKMANN D.GRAISSE,3.49,400845552122,2024-08-28,2024_08_28.csv,ignore,,
ROSENET PURE PORC,1.99,540011272310,2024-08-28,2024_08_28.csv,ignore,,100.0
JAMBON PARME,3.45,540011958884,2024-08-28,2024_08_28.csv,ignore,,200
JAMBON CUIT AU FOU,4.17,2258760004174,2024-08-28,2024_08_28.csv,match,HAM,200
JAMBON CUIT AU FOU,4.2,2258760,2024-08-28,2024_08_28.csv,match,HAM,200
JAMBON CUIT AU FOU,4.17,2258760,2024-08-28,2024_08_28.csv,match,HAM,200
JAMBON CUIT AU FOU,4.17,2258760,2024-08-28,2024_08_28.csv,match,HAM,200
HACHIS PORC-VEAU,5.42,2040840005420,2024-08-28,2024_08_28.csv,match,PORK,500
HACHIS PORC-VEAU,5.48,2040840005481,2024-08-28,2024_08_28.csv,match,PORK,500
MINI BURGER ANGUS,6.29,540011960564,2024-08-28,2024_08_28.csv,match,BEEF,150
VOLAILLE/GIBIER,6.29,2223760007739,2024-08-28,2024_08_28.csv,ignore,,
AIGUILLETTE DINDE,7.73,2223760,2024-08-28,2024_08_28.csv,match,TURKEY,
AIGUILLETTE DINDE,7.37,2223760007371,2024-08-28,2024_08_28.csv,match,TURKEY,
PATE A PIZZA,1.09,540011900827,2024-08-28,2024_08_28.csv,match,PIZZA CRUST,230
PATE A PIZZA,1.09,540011900827,2024-08-28,2024_08_28.csv,match,PIZZA CRUST,230
ROSEIF,20.32,204007,2024-08-28,2024_08_28.csv,ignore,,
CARPACCIO,5.07,204356,2024-08-28,2024_08_28.csv,match,BEEF,120
CARPACCIO,4.41,204356,2024-08-28,2024_08_28.csv,match,BEEF,120
LINDT EXCELLENCE,2.33,304652002836,2024-08-28,2024_08_28.csv,ignore,,
MOZZARELLA MAXI,2.85,800043013526,2024-08-28,2024_08_28.csv,match,MOZZARELLA CHEESE,250
MOZZARELLA MAXI,2.85,800043013526,2024-08-28,2024_08_28.csv,match,MOZZARELLA CHEESE,250
MOZZARELLA MAXI,2.85,800043013526,2024-08-28,2024_08_28.csv,match,MOZZARELLA CHEESE,250
AVOCAT,1.45,540011956924,2024-08-28,2024_08_28.csv,match,AVOCADO,
MANGUE,2.19,540011954346,2024-08-28,2024_08_28.csv,match,MANGO,400
SAN MARZANO,3.99,401407169271,2024-08-28,2024_08_28.csv,match,TOMATO,400
NECTARINE JAUNE,3.39,2958,2024-08-28,2024_08_28.csv,match,NECTARINE,600
DAONNE ACT FRAISES,2.49,541014641777,2024-08-28,2024_08_28.csv,ignore,,400
BIO BANANEN,2.59,401407169271,2024-08-28,2024_08_28.csv,match,BANANA,700
125GR MESCLUN,1.99,540011236383,2024-08-28,2024_08_28.csv,match,SALAD GREENS,125
100GR JERUSAPOUSS,1.19,540011236373,2024-08-28,2024_08_28.csv,ignore,,100.0
CHOU POINTU HACHE,1.99,540011957083,2024-08-28,2024_08_28.csv,ignore,,
CHOUX CHINOIS,2.69,540011230610,2024-08-28,2024_08_28.csv,match,CABBAGE,500
COURGETTES,2.27,540011230610,2024-08-28,2024_08_28.csv,match,ZUCCHINI,500
CAMP FROM FR ENT,4.45,871280000060,2024-08-28,2024_08_28.csv,match,BREAD,500
COEUR DOUX LIT GEM,2.29,540011957562,2024-08-28,2024_08_28.csv,match,LETTUCE,200
KIWI JAUNE,5.99,540011957573,2024-08-28,2024_08_28.csv,match,KIWI,700
RHIZIN MUS 500G,2.49,540011957556,2024-08-28,2024_08_28.csv,ignore,,500.0
CARLS BEURRE FT D,4.49,541115603113,2024-08-28,2024_08_28.csv,match,BUTTER,250
MILKA CHOCO SUPREM,3.19,762230029250,2024-08-28,2024_08_28.csv,ignore,,
MINIQUES 500GR,6.49,540011555739,2024-08-28,2024_08_28.csv,ignore,,500.0
VLINDERS,1.1,580,2024-08-28,2024_08_28.csv,ignore,,
6PC POMME PINK LAD,3.99,370047661163,2024-08-31,2024_08_31.csv,match,APPLE,900
6PC POMME PINK LAD,3.99,370047661163,2024-08-31,2024_08_31.csv,match,APPLE,900
CITRON VERT 500G,2.69,540011958445,2024-08-31,2024_08_31.csv,match,LEMON,500.0
TORTELLONI BASILI,2.49,540011955533,2024-08-31,2024_08_31.csv,match,TORTELLINI,250
TORTELLONI BASILI,2.49,540011955533,2024-08-31,2024_08_31.csv,match,TORTELLINI,250
PROSC CRUDO ITALIA,8.89,801944000292,2024-08-31,2024_08_31.csv,match,PROSCIUTTO,100
CHICKEN NUGGETS,5.99,501051100054,2024-08-31,2024_08_31.csv,match,CHICKEN,700
PICCOLINI PENNE,2.55,807680952158,2024-08-31,2024_08_31.csv,match,PASTA,500
PICCOLINI PENNE,2.55,807680952158,2024-08-31,2024_08_31.csv,match,PASTA,500
PICCOLINI PENNE,2.55,807680952158,2024-08-31,2024_08_31.csv,match,PASTA,500
325G PAT CAC CREME,2.49,360858012541,2024-08-31,2024_08_31.csv,match,CHOCOLATE HAZELNUT SPREAD,325
400G DLI PATE NOIS,2.55,540011136949,2024-08-31,2024_08_31.csv,ignore,,400.0
D4L SG BRAZIL,4.15,540011951766,2024-08-31,2024_08_31.csv,ignore,,4000.0
NECTARINE JAUNE,3.89,2958,2024-08-31,2024_08_31.csv,match,NECTARINE,600
250G LAVAZZA ROMA,5.99,800007002255,2024-08-31,2024_08_31.csv,match,COFFEE,250
250G LAVAZZA ROMA,5.99,800007002255,2024-08-31,2024_08_31.csv,match,COFFEE,250
BIO BANANEN,2.55,401407196271,2024-08-31,2024_08_31.csv,match,BANANA,700
DLC TRESOR MILK,2.49,505084454241,2024-08-31,2024_08_31.csv,match,MILK,
250G DLI TORT RIC,2.49,540011957532,2024-08-31,2024_08_31.csv,match,TORTELLINI,250
250G DLI TORT RIC,2.49,540011957532,2024-08-31,2024_08_31.csv,match,TORTELLINI,250
SAIL SURIMI-CRABE,2.99,540012279990,2024-08-31,2024_08_31.csv,ignore,,
TOM BELG GRAPP,2.29,2523,2024-08-31,2024_08_31.csv,match,TOMATO,
SPAGHETTI 500G,3.85,800603110029,2024-08-31,2024_08_31.csv,ignore,,500.0
AVOCAT,7.25,540011955624,2024-08-31,2024_08_31.csv,match,AVOCADO,
MANGUE,2.19,540011954346,2024-08-31,2024_08_31.csv,match,MANGO,400
MANGUE,2.19,540011954346,2024-08-31,2024_08_31.csv,match,MANGO,400
UL DOUX SH CAMIL,3.69,3600542260568,2024-09-28,2024_09_28.csv,ignore,,
364ML DOUX REM MERV,7.79,3600542290590,2024-09-28,2024_09_28.csv,ignore,,364.0
RAISIN MIX 500G,4.99,5400111959756,2024-09-28,2024_09_28.csv,match,RAISIN,500.0
HOUMOUS,2.49,5400121386842,2024-09-28,2024_09_28.csv,match,HUMMUS,200
HOUMOUS,2.49,5400121386842,2024-09-28,2024_09_28.csv,match,HUMMUS,200
500GR L RIS GRAI,1.79,5400141263283,2024-09-28,2024_09_28.csv,match,RICE,500
500GR L RIS GRAI,1.79,5400141263283,2024-09-28,2024_09_28.csv,match,RICE,500
250GR TOGRELLO TOM,2.49,5400157937577,2024-09-28,2024_09_28.csv,match,TOMATO,250.0
250GR TOGRELLO TOM,2.49,5400157937577,2024-09-28,2024_09_28.csv,match,TOMATO,250.0
EXCELLENCE 70,2.39,3046920021800,2024-09-28,2024_09_28.csv,ignore,,
EXCELLENCE 70,2.39,3046920021800,2024-09-28,2024_09_28.csv,ignore,,
OEUFS FRAIS BIO 12PC,6.19,5410938108534,2024-09-28,2024_09_28.csv,match,EGG,720
AVOCAT,4.35,5400111956924,2024-09-28,2024_09_28.csv,match,AVOCADO,
125GR MESCLUN,2.39,5400141263283,2024-09-28,2024_09_28.csv,match,SALAD GREENS,125
125GR MESCLUN,2.39,5400141263283,2024-09-28,2024_09_28.csv,match,SALAD GREENS,125
LINDET EXCELLENCE,2.39,3046920021831,2024-09-28,2024_09_28.csv,ignore,,
LINDET EXCELLENCE,2.39,3046920021831,2024-09-28,2024_09_28.csv,ignore,,
MOZZARELLA MAXI,2.89,3046920021831,2024-09-28,2024_09_28.csv,match,MOZZARELLA CHEESE,250
SHEZZA PATE PIZZA,1.99,3154230005060,2024-09-28,2024_09_28.csv,match,PIZZA CRUST,230
SHEZZA PATE PIZZA,1.99,3154230005060,2024-09-28,2024_09_28.csv,match,PIZZA CRUST,230
DANONE ACT FRAISES,2.49,5410146411777,2024-09-28,2024_09_28.csv,match,YOGURT,500
DANONE ACT FRAISES,2.49,5410146411777,2024-09-28,2024_09_28.csv,match,YOGURT,500
ULTRA DOUX SH MERV,3.29,3600542448197,2024-09-28,2024_09_28.csv,ignore,,
MOZZARELLA MAXI,2.89,8000433185124,2024-09-28,2024_09_28.csv,match,MOZZARELLA CHEESE,250
CAME FROM FR ENT,3.99,8718300000000,2024-09-28,2024_09_28.csv,ignore,,
DELTO VEG CHIC CUR,2.99,5411188113554,2024-09-28,2024_09_28.csv,match,CHICKEN,250
DELTO VEG CHIC CUR,2.99,5411188113554,2024-09-28,2024_09_28.csv,match,CHICKEN,250
COCIGRETTES,1.79,202160,2024-09-28,2024_09_28.csv,ignore,,
AVOCAT,4.35,5400111956924,2024-09-28,2024_09_28.csv,match,AVOCADO,
HACHIS,7.2,2047270000000,2024-09-28,2024_09_28.csv,match,BEEF,400
HACHIS,7.2,2047270000000,2024-09-28,2024_09_28.csv,match,BEEF,400
FILET PUR DE PORC,5.47,2040740000005,2024-09-28,2024_09_28.csv,match,PORK,300
FILET PUR DE PORC,7.85,2040740000005,2024-09-28,2024_09_28.csv,match,PORK,300
HACHIS PORC-VEAU,5.66,2040845005660,2024-10-13,2024_10_13.csv,match,PORK,500
HACHIS PORC-VEAU,5.06,2040848005063,2024-10-13,2024_10_13.csv,match,PORK,500
HACHIS PORC-VEAU,5.41,2040845005417,2024-10-13,2024_10_13.csv,match,PORK,500
400G PATE NOIS CRU,3.49,0450031907142,2024-10-13,2024_10_13.csv,ignore,,400.0
MERGELSTOKS.GROO,2.05,541068380851,2024-10-13,2024_10_13.csv,ignore,,
BIO CAROTTES,2.39,540011239500,2024-10-13,2024_10_13.csv,match,CARROT,1000
6PC POMME PINK LAD,3.99,370047661163,2024-10-13,2024_10_13.csv,match,APPLE,900
6PC POMME PINK LAD,3.99,541068380851,2024-10-13,2024_10_13.csv,match,APPLE,900
HET TRAGSTE BROOD,4.4,543000017739,2024-10-13,2024_10_13.csv,match,BREAD,
HET TRAGSTE BROOD,4.4,543000017739,2024-10-13,2024_10_13.csv,match,BREAD,
750G POMMES NOISET,5.45,541068380851,2024-10-13,2024_10_13.csv,ignore,,750
750G POMMES NOISET,5.45,541068380851,2024-10-13,2024_10_13.csv,ignore,,750
750G PUREE BELGE,5.39,542503620004,2024-10-13,2024_10_13.csv,match,FRUIT,750.0
125GR MESCLUN,1.99,540011236283,2024-10-13,2024_10_13.csv,match,SALAD GREENS,125
6PC PUREE BELGE,5.39,542503620004,2024-10-13,2024_10_13.csv,ignore,,750
DLL OEUFFS BIO MIX,2.95,540011210790,2024-10-13,2024_10_13.csv,ignore,,
6PC POMME PINK LAD,3.99,541068380851,2024-10-13,2024_10_13.csv,match,APPLE,900
6PC POMME PINK LAD,3.99,541068380851,2024-10-13,2024_10_13.csv,match,APPLE,900
BIO HOUMOUS 200G,2.99,540011234720,2024-10-13,2024_10_13.csv,match,HUMMUS,200
BIO HOUMOUS 200G,2.99,540011234720,2024-10-13,2024_10_13.csv,match,HUMMUS,200
SOMA MULTIGRAIN 40,2.49,871089902039,2024-10-13,2024_10_13.csv,match,BREAD,400
TOM BELG GRAPP,2.69,541068380851,2024-10-13,2024_10_13.csv,match,TOMATO,
100GR JEUNES POUSS,1.19,540011236373,2024-10-29,2024_10_29.csv,match,SALAD GREENS,100
HET TRAAGSTE BROOD P,4.9,543000017740,2024-10-29,2024_10_29.csv,match,BREAD,400
100GR JEUNES POUSS,1.19,540011236373,2024-10-29,2024_10_29.csv,match,SALAD GREENS,100
CAROTTES BIO,2.39,540011239500,2024-10-29,2024_10_29.csv,match,CARROT,500
"COURGETTES 1,005 KG",4.45,2160,2024-10-29,2024_10_29.csv,match,ZUCCHINI,1004
"SAN MARZANO 1,140 KG",4.55,2145,2024-10-29,2024_10_29.csv,match,TOMATO,1140
OEUFS COLUMBUS,3.85,541094600046,2024-10-29,2024_10_29.csv,match,EGG,360
HET TRAAGSTE BROOD P,4.9,543000017740,2024-10-29,2024_10_29.csv,match,BREAD,400
HACHIS PORC-VEAU,5.52,2040848005520,2024-10-29,2024_10_29.csv,match,PORK,500
HACHIS PORC-VEAU,5.65,2040841005657,2024-10-29,2024_10_29.csv,match,PORK,500
HACHIS PORC-VEAU,5.26,2040841005268,2024-10-29,2024_10_29.csv,match,PORK,500
CARPACCIO,5.76,2043564005768,2024-10-29,2024_10_29.csv,match,BEEF,120
MOZZARELLA 125GR,1.45,800043013303,2024-10-29,2024_10_29.csv,match,MOZZARELLA CHEESE,125
JAMBON DEGRAISSE,3.82,2208132003823,2024-10-29,2024_10_29.csv,match,HAM,200
JAMBON DEGRAISSE,3.79,2208132003793,2024-10-29,2024_10_29.csv,match,HAM,200
PIZZA PROSCUITTO C,5.89,540011364446,2024-10-29,2024_10_29.csv,match,PIZZA CRUST,400
PIZZA PROSCUITTO C,5.89,540011364446,2024-10-29,2024_10_29.csv,match,PIZZA CRUST,400
MOZZARELLA 125GR,1.45,800043013303,2024-10-29,2024_10_29.csv,match,MOZZARELLA CHEESE,125
FILET POITRINE POU,10.29,2208813010294,2024-10-29,2024_10_29.csv,match,CHICKEN,1000
FILET POITRINE POU,10.31,2208813010317,2024-10-29,2024_10_29.csv,match,CHICKEN,1000
FILET POITRINE POU,11.69,2208813011697,2024-10-29,2024_10_29.csv,match,CHICKEN,1000
FILET POITRINE POU,10.05,2208813010058,2024-10-29,2024_10_29.csv,match,CHICKEN,1000
400G NUTELLA,2.99,301762042200,2024-10-29,2024_10_29.csv,match,CHOCOLATE HAZELNUT SPREAD,400
MOZZARELLA 125GR,1.45,800043013303,2024-10-29,2024_10_29.csv,match,MOZZARELLA CHEESE,125
DANONE ACT FRAISES,2.49,541014641777,2024-10-29,2024_10_29.csv,match,YOGURT,500
BRUIN STOKBROOD KLEI,1.75,541068380853,2024-10-29,2024_10_29.csv,match,BREAD,400
BRUIN STOKBROOD KLEI,1.75,541068380853,2024-10-29,2024_10_29.csv,match,BREAD,400
MOZZARELLA 125GR,1.45,800043013303,2024-10-29,2024_10_29.csv,match,MOZZARELLA CHEESE,125
OEUFS COLUMBUS,3.85,541094600046,2024-10-29,2024_10_29.csv,match,EGG,360
CARLSB CREME ENT A,6.49,541139603975,2024-10-29,2024_10_29.csv,match,CREAM,
500G DLL 10% YAOUR,2.09,540011950731,2024-10-29,2024_10_29.csv,match,YOGURT,500
4X125GR ACTIVIA Y.,3.19,541014641779,2024-10-29,2024_10_29.csv,match,YOGURT,500
MANGUE 3X,6.57,540011954346,2024-10-29,2024_10_29.csv,match,MANGO,1200
450G QUAKER CHOCO,4.99,871039851700,2024-10-29,2024_10_29.csv,match,CEREAL,450
450G QUAKER CHOCO,4.99,871039851700,2024-10-29,2024_10_29.csv,match,CEREAL,450
BIO BANANEN,2.59,401407169271,2024-10-29,2024_10_29.csv,match,BANANA,700
TOMATES CERISE 1KG,6.99,540011957582,2024-10-29,2024_10_29.csv,match,TOMATO,1000.0
"CLEMENTINES A FEUI 1,350 KG",5.66,2016,2024-10-29,2024_10_29.csv,match,CLEMENTINE,1350
AVOCAT 5X,7.25,540011956924,2024-10-29,2024_10_29.csv,match,AVOCADO,850
KIWI SUNGOLD XL,5.1,541223942213,2024-10-29,2024_10_29.csv,match,KIWI,600
ROMB CACHET DOR G,9.35,541017300056,2024-10-29,2024_10_29_b.csv,match,CHOCOLATE,100
500G ROMB DESSERT,9.85,541017300062,2024-10-29,2024_10_29_b.csv,match,CHOCOLATE,500
ROMB CACHET DOR G,9.35,541017300056,2024-10-29,2024_10_29_b.csv,match,CHOCOLATE,100
ROMB CACHET DOR G,9.35,541017300056,2024-10-29,2024_10_29_b.csv,match,CHOCOLATE,100
500G ROMB DESSERT,9.85,541017300062,2024-10-29,2024_10_29_b.csv,match,CHOCOLATE,500
HACHIS PORC-VEAU,5.66,2040845005560,2024-10-31,2024_10_31.csv,match,PORK,500
HACHIS PORC-VEAU,5.16,2040845005161,2024-10-31,2024_10_31.csv,match,PORK,500
HACHIS PORC-VEAU,4.81,2040845004813,2024-10-31,2024_10_31.csv,match,PORK,500
HACHIS PORC-VEAU,9.77,2040844009775,2024-10-31,2024_10_31.csv,match,PORK,500
BIO HOUMOUS 200G,2.99,5400112347270,2024-10-31,2024_10_31.csv,match,HUMMUS,200
OLIVE DENOYA 130G,2.59,5400115957834,2024-10-31,2024_10_31.csv,ignore,,130.0
VINIGRE VIN BLANC,1.69,5400111007211,2024-11-03,2024_11_03.csv,ignore,,
HACHIS BOUEF/PORC,3.54,2408057003531,2024-11-03,2024_11_03.csv,match,BEEF,300
HACHIS BOUEF/PORC,4.94,2408053109742,2024-11-03,2024_11_03.csv,match,BEEF,300
ROSBIF,21.34,2408076213437,2024-11-03,2024_11_03.csv,match,BEEF,600
HACHIS BOUEF/PORC,3.54,2408057003531,2024-11-03,2024_11_03.csv,match,BEEF,300
HACHIS BOUEF/PORC,4.94,2408053109742,2024-11-03,2024_11_03.csv,match,BEEF,300
1 PATRON BUTTERNUT,2.11,5400112307022,2024-11-03,2024_11_03.csv,match,BUTTERNUT SQUASH,800
CAROTTES 500GR,1.59,5400112307022,2024-11-03,2024_11_03.csv,ignore,,500.0
BRUIN STOETBROOD KLEI,1.75,5410683008583,2024-11-03,2024_11_03.csv,ignore,,
EXCELLENCE 70%,2.29,3046920028020,2024-11-03,2024_11_03.csv,ignore,,
EXCELLENCE 70%,2.29,3046920028020,2024-11-03,2024_11_03.csv,ignore,,
DEL JAM CUT DEGR,2.89,5400115959270,2024-11-03,2024_11_03.csv,ignore,,
HACHIS BOUEF/PORC,3.54,2408057003531,2024-11-03,2024_11_03.csv,match,BEEF,300
DEL JAM CUT DEGR,2.89,5400115959270,2024-11-03,2024_11_03.csv,ignore,,
FARBEL ENTIER,1.66,5425207802016,2024-11-03,2024_11_03.csv,ignore,,
OEUFS COQUUES,1.45,5410496000446,2024-11-03,2024_11_03.csv,match,EGG,360
MOZZARELLA 125GR,1.45,8000433131033,2024-11-03,2024_11_03.csv,match,MOZZARELLA CHEESE,125
MOZZARELLA 125GR,1.45,8000433131033,2024-11-03,2024_11_03.csv,match,MOZZARELLA CHEESE,125
MOZZARELLA 125GR,1.45,8000433131033,2024-11-03,2024_11_03.csv,match,MOZZARELLA CHEESE,125
BOURSIN POIVRE,3.79,3175460000000,2024-11-03,2024_11_03.csv,match,CREAM CHEESE,150
15 DREFT ADM PLAT,8.29,870021626741,2024-11-03,2024_11_03.csv,ignore,,
AVOCAT,7.25,5400115956924,2024-11-03,2024_11_03.csv,match,AVOCADO,
MANGUE,2.19,5400115956924,2024-11-03,2024_11_03.csv,match,MANGO,400
MANGUE,2.19,5400115956924,2024-11-03,2024_11_03.csv,match,MANGO,400
BIO BANANEN,2.59,4014070021729,2024-11-03,2024_11_03.csv,match,BANANA,700
"CLEMENTINES A FEUT 1,105 KG",4.19,5412233292123,2024-11-03,2024_11_03.csv,ignore,,1105.0
RAVIOLI RIC&SPIN,3.89,8000100211001,2024-11-03,2024_11_03.csv,match,RAVIOLI,
RAVIOLI RIC&SPIN,3.89,8000100211001,2024-11-03,2024_11_03.csv,match,RAVIOLI,
1.5KG SINASAPPEL PA,5.7,540010114850,2024-11-08,2024_11_08.csv,ignore,,1500.0
CARLSB CREME ENT A,6.49,5433603975,2024-11-08,2024_11_08.csv,match,CREAM,
BAGUETTE BEAU,2.49,542500984700,2024-11-08,2024_11_08.csv,ignore,,
KIWI SUNGOLD XL,5.99,540011957673,2024-11-08,2024_11_08.csv,match,KIWI,700
6PC POMME PINK LAD,3.99,541147400141,2024-11-08,2024_11_08.csv,match,APPLE,900
MANGUE,2.19,540011954346,2024-11-08,2024_11_08.csv,match,MANGO,400
FRUIT & LEGUMES,1.65,2043564004020,2024-11-08,2024_11_08.csv,ignore,,
CARPACCIO,4.02,204356,2024-11-08,2024_11_08.csv,match,BEEF,120
CARPACCIO,4.11,204356,2024-11-08,2024_11_08.csv,match,BEEF,120
CARPACCIO,4.11,204356,2024-11-08,2024_11_08.csv,match,BEEF,120
D365 CREME 20 CL,0.81,540060173433,2024-11-08,2024_11_08.csv,match,CREAM,200
CLEMENTINES A FEUI,6.31,"1,505 Kg x 4,19/ Kg",2024-11-08,2024_11_08.csv,match,CLEMENTINE,500
TOM BELG GRAPP,5.35,"1,095 Kg x 4,89/ Kg",2024-11-08,2024_11_08.csv,match,TOMATO,
AVOCAT,1.45,540011956924,2024-11-08,2024_11_08.csv,match,AVOCADO,
NOIR DE NOIR C OR,2.55,541008120184,2024-11-08,2024_11_08.csv,match,CHOCOLATE,100
D365 CREME 20 CL,0.81,540060173433,2024-11-08,2024_11_08.csv,match,CREAM,200
MOZZARELLA MAXI,2.89,800043013526,2024-11-08,2024_11_08.csv,match,MOZZARELLA CHEESE,250
MOZZARELLA MAXI,2.89,800043013526,2024-11-08,2024_11_08.csv,match,MOZZARELLA CHEESE,250
FENOUILS,2.04,"0,585 Kg x 3,49/ Kg",2024-11-08,2024_11_08.csv,ignore,,500
100GR JEUNES POUSS,1.19,540011236373,2024-11-08,2024_11_08.csv,match,SALAD GREENS,100
POMMEOUSE ROUGE,2.44,"0,115 Kg x 2,99/ Kg",2024-11-08,2024_11_08.csv,ignore,,750
BIO HOUMOUS 200G,2.99,540011234720,2024-11-08,2024_11_08.csv,match,HUMMUS,200
BIO HOUMOUS 200G,2.99,540011234720,2024-11-08,2024_11_08.csv,match,HUMMUS,200
AVOCAT,5.8,5400111956924,2024-11-14,2024_11_14.csv,match,AVOCADO,
BRUIN STOKBROOD KLEI,1.75,541068380583,2024-11-14,2024_11_14.csv,match,BREAD,400
BRUIN STOKBROOD KLEI,1.75,541068380583,2024-11-14,2024_11_14.csv,match,BREAD,400
CLEMENTINES A FEU,5.51,541068380583,2024-11-14,2024_11_14.csv,ignore,,1750
HACHIS PORC-VEAU,10.51,2040842010513,2024-11-14,2024_11_14.csv,match,PORK,500
HACHIS PORC-VEAU,10.51,2040842010513,2024-11-14,2024_11_14.csv,match,PORK,500
MANGUE,3.98,5400119543446,2024-11-14,2024_11_14.csv,match,MANGO,800
2400 G SANS GL/LAC,3.75,5400141234567,2024-11-22,2024_11_22.csv,ignore,,2400.0
2400 G SANS GL/LAC,3.75,5400141234567,2024-11-22,2024_11_22.csv,ignore,,2400.0
HET TRAAGSTE BROOD P,4.9,5400300017460,2024-11-22,2024_11_22.csv,match,BREAD,400
BRUIN STOKBROOD KLEI,1.75,5400188038853,2024-11-22,2024_11_22.csv,match,BREAD,400
BRUIN STOKBROOD KLEI,1.75,5400188038853,2024-11-22,2024_11_22.csv,match,BREAD,400
BRUIN STOKBROOD KLEI,1.75,5400188038853,2024-11-22,2024_11_22.csv,match,BREAD,400
EPINARDS,1.39,5410013013200,2024-11-22,2024_11_22.csv,match,SPINACH,500
BIG MEG 100GR,1.39,5410013013200,2024-11-22,2024_11_22.csv,ignore,,100.0
DRAAKJES,2.39,5410046008066,2024-11-22,2024_11_22.csv,ignore,,
CEREQUICK 1000GR,2.39,5410012333070,2024-11-22,2024_11_22.csv,ignore,,1000.0
MOZZARELLA MAXI,2.85,0000431234562,2024-11-22,2024_11_22.csv,match,MOZZARELLA CHEESE,250
COQUETTES,1.67,5400115959242,2024-11-22,2024_11_22.csv,ignore,,
BIO GINGEMBRE,1.28,2156,2024-11-22,2024_11_22.csv,match,GINGER,100
CARPACCIO,2.99,5400115959242,2024-11-22,2024_11_22.csv,match,BEEF,120
BIO CAPOTES,2.39,5400113959500,2024-11-22,2024_11_22.csv,ignore,,
TOAST KROKANT HAU,1.95,8710455123456,2024-11-22,2024_11_22.csv,match,BREAD,100
SAUMON FUME,3.99,7622401234567,2024-11-22,2024_11_22.csv,match,SALMON,100
COCKTAIL GRAPE TO,2.39,5400115959242,2024-11-22,2024_11_22.csv,match,GRAPE,
COCKTAIL GRAPE TO,2.39,5400115959242,2024-11-22,2024_11_22.csv,match,GRAPE,
JOLIBOIS OEUFS 5+1,3.2,5400115959242,2024-11-22,2024_11_22.csv,match,EGG,360
JOLIBOIS OEUFS 5+1,3.2,5400115959242,2024-11-22,2024_11_22.csv,match,EGG,360
RAVIOLI POMODORI,3.85,8000111234567,2024-11-22,2024_11_22.csv,match,RAVIOLI,
MOZZARELLA MAXI,2.85,0000431234562,2024-11-22,2024_11_22.csv,match,MOZZARELLA CHEESE,250
HET TRAAGSTE BROOD P,4.9,5400300017460,2024-11-22,2024_11_22.csv,match,BREAD,400
HET TRAAGSTE BROOD P,4.9,5400300017460,2024-11-22,2024_11_22.csv,match,BREAD,400
MANGUE,1.99,5400115959346,2024-11-22,2024_11_22.csv,match,MANGO,400
MANGUE,1.99,5400115959346,2024-11-22,2024_11_22.csv,match,MANGO,400
TOAST KROKANT HAU,1.95,8710455123456,2024-11-22,2024_11_22.csv,match,BREAD,100
SAUMON FUME,3.99,7622401234567,2024-11-22,2024_11_22.csv,match,SALMON,100
BIO GUACAMOLE DOUX,2.39,5400115959242,2024-11-22,2024_11_22.csv,match,GUACAMOLE,
BIO GUACAMOLE DOUX,2.39,5400115959242,2024-11-22,2024_11_22.csv,match,GUACAMOLE,
RAISIN MIX 500G,2.89,540011957956,2024-12-01,2024_12_01.csv,match,RAISIN,500.0
KIWI SUNGOLD XL,5.1,541223942213,2024-12-01,2024_12_01.csv,match,KIWI,600
CARDBOARRE FT D,4.49,541115603113,2024-12-01,2024_12_01.csv,ignore,,
CARDBE BEURRE SALE,4.49,541115600047,2024-12-01,2024_12_01.csv,match,BUTTER,600
HET TRAAGSTE BROOD P,4.9,543000017740,2024-12-01,2024_12_01.csv,match,BREAD,400
POMME GRENA,3.29,543000017740,2024-12-01,2024_12_01.csv,match,POMEGRANATE,400
HET TRAAGSTE BROOD P,4.9,543000017740,2024-12-01,2024_12_01.csv,match,BREAD,400
HET TRAAGSTE BROOD P,4.9,543000017740,2024-12-01,2024_12_01.csv,match,BREAD,400
FENOUILS,0.98,543000017740,2024-12-01,2024_12_01.csv,ignore,,500
COCKTAIL GRAPPE TO,2.99,540011960951,2024-12-01,2024_12_01.csv,match,FRUIT COCKTAIL,
CLEMENTINES A FEUI,9.05,540011960951,2024-12-01,2024_12_01.csv,match,CLEMENTINE,500
AVOCAT,8.7,540011956924,2024-12-01,2024_12_01.csv,match,AVOCADO,
200GR HOUMOUS,2.19,540011238642,2024-12-01,2024_12_01.csv,match,HUMMUS,200
200GR HOUMOUS,2.19,540011238642,2024-12-01,2024_12_01.csv,match,HUMMUS,200
CARPACCIO,4.53,204356,2024-12-01,2024_12_01.csv,match,BEEF,120
CARPACCIO,3.63,204356,2024-12-01,2024_12_01.csv,match,BEEF,120
POMELO,2.85,9949,2024-12-01,2024_12_01.csv,ignore,,
AUBER BEURRE 500G,8.79,54060301789,2024-12-01,2024_12_01.csv,match,BUTTER,500.0
CIABATTA,1.3,541068373508,2024-12-01,2024_12_01.csv,match,CIABATTA,
CIABATTA,1.3,541068373508,2024-12-01,2024_12_01.csv,match,CIABATTA,
125GR MESCLUN,1.99,540011236283,2024-12-01,2024_12_01.csv,match,SALAD GREENS,125
MESCLUN,1.99,540011236283,2024-12-01,2024_12_01.csv,match,SALAD GREENS,125
EM 335G RHUBARBE,4.99,360858004773,2024-12-01,2024_12_01.csv,match,RHUBARB,335
EM 335G FRAISE,3.99,360858001667,2024-12-01,2024_12_01.csv,match,STRAWBERRY,335
MELO CAKES,6.55,762230042488,2024-12-06,2024_12_06.csv,ignore,,
KROEPOEK NAT,1.09,871001373558,2024-12-06,2024_12_06.csv,ignore,,
HEERLSE BROOD P,4.9,543000017740,2024-12-06,2024_12_06.csv,match,BREAD,
DUYVIS CRAC A,1.89,871039801154,2024-12-06,2024_12_06.csv,ignore,,
HACHIS PORC-VEAU,11.33,2040848010722,2024-12-06,2024_12_06.csv,match,PORK,500
HACHIS PORC-VEAU,10.72,204084,2024-12-06,2024_12_06.csv,match,PORK,500
COURGETTES,2.68,2160,2024-12-06,2024_12_06.csv,match,ZUCCHINI,500
MANGUE,0.4,540011954346,2024-12-06,2024_12_06.csv,match,MANGO,100.0
AVOCAT,1.99,540011956924,2024-12-06,2024_12_06.csv,match,AVOCADO,
TORTELLO TOM,2.49,540011957537,2024-12-06,2024_12_06.csv,match,TORTELLINI,
TORTELLO TOM,2.49,540011957537,2024-12-06,2024_12_06.csv,match,TORTELLINI,
DLL GIRA FROM,2.49,540011957531,2024-12-06,2024_12_06.csv,ignore,,
DES POULET,6.94,2205567,2024-12-06,2024_12_06.csv,match,CHICKEN,750
DES POULET,6.97,2205567,2024-12-06,2024_12_06.csv,match,CHICKEN,750
FRAMBOIS 125G,2.99,540011952398,2024-12-06,2024_12_06.csv,match,RASPBERRY,125
FRAMBOIS 125G,2.99,540011952398,2024-12-06,2024_12_06.csv,match,RASPBERRY,125
HOUMOUS,2.19,540011238642,2024-12-06,2024_12_06.csv,match,HUMMUS,200
HOUMOUS,2.19,540011238642,2024-12-06,2024_12_06.csv,match,HUMMUS,200
GAUFR CH,4.23,542502605349,2024-12-06,2024_12_06.csv,ignore,,
POUSS MIK,1.59,540011238574,2024-12-06,2024_12_06.csv,ignore,,
BEURRE 500G,8.79,541060301789,2024-12-06,2024_12_06.csv,match,BUTTER,500.0
COCOTTE GRAPPE TO,2.99,540011960811,2024-12-06,2024_12_06.csv,ignore,,
HOUMOUS,2.19,540011238642,2024-12-06,2024_12_06.csv,match,HUMMUS,200
DIKKE AJUIN,1.22,9991,2024-12-06,2024_12_06.csv,match,ONION,1000
WRAP TORTILLA,3.69,841007647012,2024-12-06,2024_12_06.csv,match,TORTILLA,
BIO CAROTTES,2.29,540011239500,2024-12-06,2024_12_06.csv,match,CARROT,1000
FONDANT COTE D OR,2.55,541008120093,2024-12-06,2024_12_06.csv,match,FONDANT,
CLEMENTINES A FEUI,2.79,2016,2024-12-06,2024_12_06.csv,match,CLEMENTINE,500
BIO CAROTTES,2.29,540011239500,2024-12-06,2024_12_06.csv,match,CARROT,1000
NOIR DE NOIR C OR,2.55,541008120184,2024-12-06,2024_12_06.csv,match,CHOCOLATE,100
TORTELLONI BASILI,2.49,540011957533,2024-12-12,2024_12_12.csv,match,TORTELLINI,250
250G TORTELLO TOM,2.49,540011957537,2024-12-12,2024_12_12.csv,match,TORTELLINI,250.0
250G TORTELLO TOM,2.49,540011957537,2024-12-12,2024_12_12.csv,match,TORTELLINI,250.0
250G TORTELLO TOM,2.49,540011957537,2024-12-12,2024_12_12.csv,match,TORTELLINI,250.0
TORTELLONI BASILI,2.49,540011957533,2024-12-12,2024_12_12.csv,match,TORTELLINI,250
250G TORTELLO TOM,2.49,540011957537,2024-12-12,2024_12_12.csv,match,TORTELLINI,250.0
PESTO VERT 100G,2.99,540011956440,2024-12-12,2024_12_12.csv,match,PESTO,100.0
HACHIS PORC-VEAU,12.28,204084,2024-12-12,2024_12_12.csv,match,PORK,500
HACHIS PORC-VEAU,12.11,204084,2024-12-12,2024_12_12.csv,match,PORK,500
TAGLIATELLE 300G,2.49,800601310011,2024-12-12,2024_12_12.csv,ignore,,300.0
FILET SAUMON S/P,7.93,2261320007939,2024-12-12,2024_12_12.csv,match,SALMON,300
FILET SAUMON S/P,8.28,2261320,2024-12-12,2024_12_12.csv,match,SALMON,300
"2 X 1,99",3.98,540011954346,2024-12-12,2024_12_12.csv,ignore,,
HET TRAAGSTE BROOD P,4.9,54000017740,2024-12-17,2024_12_17.csv,match,BREAD,400
HET TRAAGSTE BROOD P,4.9,54000017740,2024-12-17,2024_12_17.csv,match,BREAD,400
4X50G DLL PAIN BIO,3.39,540011281850,2024-12-17,2024_12_17.csv,match,BREAD,200
4X50G DLL PAIN BIO,3.39,540011281850,2024-12-17,2024_12_17.csv,match,BREAD,200
250G TORTELLO TOM,2.49,540011957537,2024-12-17,2024_12_17.csv,match,TORTELLINI,250.0
250G TORTELLO TOM,2.49,540011957537,2024-12-17,2024_12_17.csv,match,TORTELLINI,250.0
250G TORTELLO TOM,2.49,540011957537,2024-12-17,2024_12_17.csv,match,TORTELLINI,250.0
FILET PUR DE PORC,8.79,204074,2024-12-17,2024_12_17.csv,match,PORK,300
CARPACCIO,3.84,204356,2024-12-17,2024_12_17.csv,match,BEEF,120
CARPACCIO,4.26,204356,2024-12-17,2024_12_17.csv,match,BEEF,120
HACHIS BOEUF&PORC,4.26,204085,2024-12-17,2024_12_17.csv,match,BEEF,500
HACHIS BOEUF&PORC,5.14,204085,2024-12-17,2024_12_17.csv,match,BEEF,500
MINI BURGER ANGUS,6.29,540011960564,2024-12-17,2024_12_17.csv,match,BEEF,150
MINI BURGER ANGUS,6.29,540011960564,2024-12-17,2024_12_17.csv,match,BEEF,150
HACHIS BOEUF&PORC,4.6,204085,2024-12-17,2024_12_17.csv,match,BEEF,500
HACHIS BOEUF&PORC,4.98,204085,2024-12-17,2024_12_17.csv,match,BEEF,500
BEN RIZ COMPLET,5.99,541067300516,2024-12-20,2024_12_20.csv,ignore,,
ROSBIF,20.45,2040071002451,2024-12-20,2024_12_20.csv,match,BEEF,600
500G DLL BIO SPAGH,1.09,540011370589,2024-12-28,2024_12_28.csv,match,PASTA,500
500G DLL BIO SPAGH,1.09,540011370589,2024-12-28,2024_12_28.csv,match,PASTA,500
400G TRAGSTE BROOD P,4.9,543000017740,2024-12-28,2024_12_28.csv,match,BREAD,400
400G TRAGSTE BROOD P,4.9,543000017740,2024-12-28,2024_12_28.csv,match,BREAD,400
ESCALOPE DE VEAU,3.89,204127,2024-12-28,2024_12_28.csv,match,VEAL,150
ESCALOPE DE VEAU,3.76,204127,2024-12-28,2024_12_28.csv,match,VEAL,150
ESCALOPE DE VEAU,5.69,204127,2024-12-28,2024_12_28.csv,match,VEAL,150
ESCALOPE DE VEAU,5.07,204127,2024-12-28,2024_12_28.csv,match,VEAL,150
250G MKA MELO CAKE,3.29,541018581115,2024-12-28,2024_12_28.csv,match,RICE CAKE,250
250G MKA MELO CAKE,3.29,541018581115,2024-12-28,2024_12_28.csv,match,RICE CAKE,250
250G MKA MELO CAKE,3.29,541018581115,2024-12-28,2024_12_28.csv,match,RICE CAKE,250
HERTA LRDNS NATUR,2.85,315423031405,2024-12-28,2024_12_28.csv,match,PORK,200
CONF.NOSTALGIE,4.09,541004600860,2024-12-28,2024_12_28.csv,match,JAM,300
CONF.NOSTALGIE MA,4.25,541004600852,2024-12-28,2024_12_28.csv,ignore,,
100GR JEUNES POUS,1.19,540011236373,2024-12-28,2024_12_28.csv,match,SALAD GREENS,100
100GR JEUNES POUS,1.19,540011236373,2024-12-28,2024_12_28.csv,match,SALAD GREENS,100
185G LAYS NATUREL,2.09,871039852408,2024-12-28,2024_12_28.csv,ignore,,185
125G HUGLES CHEESE,1.49,871039850230,2024-12-28,2024_12_28.csv,ignore,,125.0
125G HUGLES NATURE,2.19,871039851784,2024-12-28,2024_12_28.csv,ignore,,125.0
CHOU-FLEUR,2.99,540011230633,2024-12-28,2024_12_28.csv,match,CAULIFLOWER,800
HACHIS PORC-VEAU,10.76,204084,2024-12-28,2024_12_28.csv,match,PORK,500
ROSETTE PURE PORC,1.99,540011272310,2024-12-28,2024_12_28.csv,ignore,,100.0
JAMBON DEGRAISSE,3.87,220813,2024-12-28,2024_12_28.csv,match,HAM,200
JAMBON DEGRAISSE,3.85,220813,2024-12-28,2024_12_28.csv,match,HAM,200
"1,240 KG X 2,99/ KG",3.71,2160,2024-12-28,2024_12_28.csv,ignore,,1240.0
OIGNON JAUNE GEANT,1.99,540011231841,2024-12-28,2024_12_28.csv,match,ONION,500
MANGUE,1.99,540011954346,2024-12-28,2024_12_28.csv,match,MANGO,400
BIO BANANEN,2.59,401407469271,2024-12-28,2024_12_28.csv,match,BANANA,700
CLEMENTINES A FEUI,4.71,"125 Kg x 4,19/ Kg",2024-12-28,2024_12_28.csv,match,CLEMENTINE,500
AVOCAT,1.45,540011956924,2024-12-28,2024_12_28.csv,match,AVOCADO,
450G DLT FOIS BIOL,1.29,5400112711555,2024-12-31,2024_12_31.csv,match,PEA,450
450G DLT FOIS BIOL,1.29,5400112711555,2024-12-31,2024_12_31.csv,match,PEA,450
FEVES A COUP 400GR,2.99,5400112310122,2024-12-31,2024_12_31.csv,ignore,,400.0
CHOUX CHINOIS,0.56,5425016494040,2024-12-31,2024_12_31.csv,match,CABBAGE,500
AUBERGINES,1.15,4050301307142,2024-12-31,2024_12_31.csv,match,EGGPLANT,400
POIVRONS JAUNES,1.39,5400112310153,2024-12-31,2024_12_31.csv,ignore,,
POIVRONS ROUGES,1.3,5400112310153,2024-12-31,2024_12_31.csv,match,BELL PEPPER,400
COOP HOUMOUS,2.19,5400112386422,2024-12-31,2024_12_31.csv,match,HUMMUS,200
DUL CAMOMILE DOUX,2.99,5400112302002,2024-12-31,2024_12_31.csv,ignore,,
MENTHE GROS PO BIO,2.39,5400113325933,2024-12-31,2024_12_31.csv,match,MINT,
MANGUE,1.99,5400119534346,2024-12-31,2024_12_31.csv,match,MANGO,400
MANGUE,1.99,5400119534346,2024-12-31,2024_12_31.csv,match,MANGO,400
400ML LAIT DE COCO,0.95,5400113511166,2024-12-31,2024_12_31.csv,ignore,,400.0
300G SW WIT NOUILL,0.95,4002350918855,2024-12-31,2024_12_31.csv,ignore,,300.0
100ML MERC 70%ALC,3.75,0450031907142,2025-01-03,2025_01_03.csv,ignore,,100.0
24 DLI BOUGIES,3.95,3160921503400,2025-01-03,2025_01_03.csv,ignore,,
STAEDTLER 4 FLUOS,6.55,5400313510110,2025-01-03,2025_01_03.csv,ignore,,
MRK 30 MELO CAKES,6.55,4007817327102,2025-01-03,2025_01_03.csv,ignore,,
NIVEA ST. CLEAR,6.25,4005900666662,2025-01-05,2025_01_05.csv,ignore,,
NIVEA ST. CLEAR,9.25,4005900666662,2025-01-05,2025_01_05.csv,ignore,,
BIO CITRON QC,2.25,5400113593703,2025-01-05,2025_01_05.csv,match,LEMON,
STOKBROOD,0.99,5400319907142,2025-01-05,2025_01_05.csv,ignore,,
GUAC MEUS NOI,4.49,8710398500322,2025-01-05,2025_01_05.csv,ignore,,
BURGER ANGUS,6.49,5400111955664,2025-01-05,2025_01_05.csv,match,BEEF,200
SALADE FOLLET,2.19,5410185011313,2025-01-05,2025_01_05.csv,ignore,,
BANANEN,1.89,5400176959721,2025-01-05,2025_01_05.csv,match,BANANA,700
KIPFILET BLOND XL,4.29,5412234294213,2025-01-05,2025_01_05.csv,ignore,,
DANONE ACT FRAISES,2.49,3033490001313,2025-01-05,2025_01_05.csv,match,YOGURT,500
CARPACCIO,4.99,2043561005013,2025-01-05,2025_01_05.csv,match,BEEF,120
CARPACCIO,4.99,2043561005013,2025-01-05,2025_01_05.csv,match,BEEF,120
WRAPS DE BLE,2.49,5410033004322,2025-01-05,2025_01_05.csv,match,FLOUR TORTILLA,120
AVOCAT,4.25,3256220101370,2025-01-05,2025_01_05.csv,match,AVOCADO,
HET TRAAGSTE BROOD P,4.9,5400301019742,2025-01-06,2025_01_06.csv,match,BREAD,400
HET TRAAGSTE BROOD P,4.9,5400301017740,2025-01-06,2025_01_06.csv,match,BREAD,400
BRUIN STOKBROOD KLEI,1.75,5410618380853,2025-01-06,2025_01_06.csv,match,BREAD,400
BRUIN STOKBROOD KLEI,1.75,5410618380853,2025-01-06,2025_01_06.csv,match,BREAD,400
BRUIN STOKBROOD KLEI,1.75,5410618380853,2025-01-06,2025_01_06.csv,match,BREAD,400
200GR HUMOUS,2.49,5400112384624,2025-01-06,2025_01_06.csv,match,HUMMUS,200
MANDARINES A FEUIL,1.24,5400112384624,2025-01-06,2025_01_06.csv,match,CLEMENTINE,500
100GR JEUNES POUSS,1.19,5400112386373,2025-01-06,2025_01_06.csv,match,SALAD GREENS,100
SAUM FUM CHAU ANET,4.99,5400115951504,2025-01-06,2025_01_06.csv,match,SALMON,100
SAUM FUM CHAU ANET,4.99,5400115951504,2025-01-06,2025_01_06.csv,match,SALMON,100
PIZZA MOZZA PESTO,4.99,5400115954963,2025-01-06,2025_01_06.csv,match,PIZZA CRUST,
125GR MESCLUN,1.99,5400112362833,2025-01-13,2025_01_13.csv,match,SALAD GREENS,125
200GR EPINARD JEU,1.99,5400112351182,2025-01-13,2025_01_13.csv,match,SPINACH,200
AVOCAT,1.45,5400119586924,2025-01-13,2025_01_13.csv,match,AVOCADO,
AVOCAT,1.45,5400119586924,2025-01-13,2025_01_13.csv,match,AVOCADO,
AVOCAT,1.45,5400119586924,2025-01-13,2025_01_13.csv,match,AVOCADO,
AVOCAT,1.45,5400119586924,2025-01-13,2025_01_13.csv,match,AVOCADO,
SAUMON BELLE-VUE,5.8,5400119589141,2025-01-13,2025_01_13.csv,match,SALMON,150
MANGUE,1.99,5400119534346,2025-01-13,2025_01_13.csv,match,MANGO,400
MANGUE,1.99,5400119534346,2025-01-13,2025_01_13.csv,match,MANGO,400
600G DFL POMME PIN,2.59,5400117300654,2025-01-13,2025_01_13.csv,ignore,,600.0
ITAL STYLE GRAINS,9.45,5400117300654,2025-01-13,2025_01_13.csv,match,FARRO,200
HACHIS PORC-VEAU,5.68,2040845005158,2025-01-13,2025_01_13.csv,match,PORK,500
HACHIS PORC-VEAU,5.15,2040845005158,2025-01-13,2025_01_13.csv,match,PORK,500
HACHIS PORC-VEAU,5.05,2040845005158,2025-01-13,2025_01_13.csv,match,PORK,500
HACHIS PORC-VEAU,5.72,2040845005158,2025-01-13,2025_01_13.csv,match,PORK,500
JEUNE POUSSE MIX,1.69,5400111236474,2025-01-17,2025_01_17.csv,match,SALAD GREENS,100
200GR EPINARD JEU,1.99,5400111236481,2025-01-17,2025_01_17.csv,match,SPINACH,200
AVOCAT,0.36,0450013907142,2025-01-17,2025_01_17.csv,match,AVOCADO,
AVOCAT,1.45,5400119569244,2025-01-17,2025_01_17.csv,match,AVOCADO,
205 ST OAL BIO,4.99,5600519146171,2025-01-17,2025_01_17.csv,ignore,,
2025 GINGER BIO,4.99,5600523019762,2025-01-17,2025_01_17.csv,match,GINGER,100
2065 PEHL NEW BIO,4.99,5600515141411,2025-01-17,2025_01_17.csv,ignore,,
205 POISSA RELAX BIO,4.99,5600523010366,2025-01-17,2025_01_17.csv,ignore,,
200GR EPINARD JEU,1.99,5400111236481,2025-01-17,2025_01_17.csv,match,SPINACH,200
MERCERENSTOK.GROO,2.79,5410686003855,2025-01-17,2025_01_17.csv,match,BREAD,400
MERCERENSTOK.GROO,2.79,5410686003855,2025-01-17,2025_01_17.csv,match,BREAD,400
HMC SERVIETTE 33CM,2.79,4014991519055,2025-01-17,2025_01_17.csv,ignore,,
HMC SERVIETTE 33CM,2.79,4014991519055,2025-01-17,2025_01_17.csv,ignore,,
HMC COR,3.75,204585,2025-01-17,2025_01_17.csv,ignore,,
CIBOULETTE BIO,4.9,5400119575939,2025-01-17,2025_01_17.csv,match,CHIVE,30
WASABI GREEN 400G,4.99,5420034666959,2025-01-17,2025_01_17.csv,ignore,,400.0
DLL CREME LL,4.35,5400119522425,2025-01-17,2025_01_17.csv,match,CREAM,
500G COUSCOUS PERL,4.99,5400119522425,2025-01-17,2025_01_17.csv,match,COUSCOUS,500
GUACAMOLE DOUX,4.99,5400112300024,2025-01-17,2025_01_17.csv,match,GUACAMOLE,
GUACAMOLE DOUX,4.99,5400112300024,2025-01-17,2025_01_17.csv,match,GUACAMOLE,
500G PEST AL EBR,4.99,8720791222451,2025-01-17,2025_01_17.csv,ignore,,500.0
250G PEST BASIL,4.99,8720791222851,2025-01-17,2025_01_17.csv,match,BASIL,250
HET TRAAGSTE BROOD,4.9,5400112300024,2025-01-17,2025_01_17.csv,match,BREAD,
MERCERENSTOK.GROO,2.79,5410686003855,2025-01-17,2025_01_17.csv,match,BREAD,400
HET TRAAGSTE BROOD,4.9,5400112300024,2025-01-17,2025_01_17.csv,match,BREAD,
MERCERENSTOK.GROO,2.79,5410686003855,2025-01-17,2025_01_17.csv,match,BREAD,400
NOISETTES D AGNEAU,9.31,2048859009315,2025-01-17,2025_01_17.csv,match,LAMB,200
NOISETTES D AGNEAU,8.14,2048859008141,2025-01-17,2025_01_17.csv,match,LAMB,200
NOISETTES D AGNEAU,8.82,2048852006663,2025-01-17,2025_01_17.csv,match,LAMB,200
NOISETTES D AGNEAU,8.82,2048852006663,2025-01-17,2025_01_17.csv,match,LAMB,200
TOMATE CERISE GRAP,4.99,5400119581911,2025-01-17,2025_01_17.csv,match,TOMATO,
FUSILLI,9.8,800125042034,2025-01-20,2025_01_20.csv,ignore,,
HACHIS PORC-VEAU,5.65,204084,2025-01-20,2025_01_20.csv,match,PORK,500
HACHIS PORC-VEAU,5.27,204084,2025-01-20,2025_01_20.csv,match,PORK,500
D365 CREME 20 CL,2.43,540060173439,2025-01-20,2025_01_20.csv,match,CREAM,200
CARLSB CREME ENT A,6.49,541139603975,2025-01-20,2025_01_20.csv,match,CREAM,
HACHIS PORC-VEAU,5.45,204084,2025-01-20,2025_01_20.csv,match,PORK,500
HACHIS PORC-VEAU,5.51,204084,2025-01-20,2025_01_20.csv,match,PORK,500
250G TORTELLO TOM,2.49,540011957537,2025-01-20,2025_01_20.csv,match,TORTELLINI,250.0
250G TORTELLO TOM,2.49,540011957537,2025-01-20,2025_01_20.csv,match,TORTELLINI,250.0
DE CECCO CASARECCI,2.39,800125012088,2025-01-20,2025_01_20.csv,match,PASTA,500
DE CECCO CASARECCI,2.39,800125012088,2025-01-20,2025_01_20.csv,match,PASTA,500
DE CECCO CASARECCI,2.39,800125012088,2025-01-20,2025_01_20.csv,match,PASTA,500
CONTFEILLET,7.41,204002,2025-01-20,2025_01_20.csv,match,BEEF,300
CONTFEILLET,8.23,204002,2025-01-20,2025_01_20.csv,match,BEEF,300
CONTFEILLET,8.69,204002,2025-01-20,2025_01_20.csv,match,BEEF,300
BIO BANANEN,2.59,401407169271,2025-01-20,2025_01_20.csv,match,BANANA,700
AVOCAT,4.35,540011956924,2025-01-20,2025_01_20.csv,match,AVOCADO,
250G TORTELLO TOM,2.49,540011957537,2025-01-20,2025_01_20.csv,match,TORTELLINI,250.0
250G TORTELLO TOM,2.49,540011957537,2025-01-20,2025_01_20.csv,match,TORTELLINI,250.0
500G DE CECCO GNOC,2.19,800125000999,2025-01-20,2025_01_20.csv,match,GNOCCHI,500
500G DE CECCO GNOC,2.19,800125000999,2025-01-20,2025_01_20.csv,match,GNOCCHI,500
500G DE CECCO GNOC,2.19,800125000999,2025-01-20,2025_01_20.csv,match,GNOCCHI,500
500G DE CECCO GNOC,2.19,800125000999,2025-01-20,2025_01_20.csv,match,GNOCCHI,500
500G DE CECCO GNOC,2.19,800125000999,2025-01-20,2025_01_20.csv,match,GNOCCHI,500
CHOUX DE BRUX 750G,1.99,540011230622,2025-01-20,2025_01_20.csv,ignore,,750.0
185G LAYS NATUREL,2.09,871039852408,2025-01-22,2025_01_22.csv,ignore,,185
185G LAYS NATUREL,2.09,871039852408,2025-01-22,2025_01_22.csv,ignore,,185
185G POIS CA,1.09,540011371648,2025-01-22,2025_01_22.csv,ignore,,185.0
800G HARIC VER COU,1.49,540011375462,2025-01-22,2025_01_22.csv,ignore,,800.0
400G NUTELLA,3.55,301762042200,2025-01-22,2025_01_22.csv,match,CHOCOLATE HAZELNUT SPREAD,400
400G NUTELLA,3.55,301762042200,2025-01-22,2025_01_22.csv,match,CHOCOLATE HAZELNUT SPREAD,400
300G LECHE,2.55,045003191142,2025-01-22,2025_01_22.csv,match,DULCE DE LECHE,300
DLL 1KG LG RIZ BRU,3.39,540011365849,2025-01-22,2025_01_22.csv,ignore,,1000.0
3X200G DELH CAROTT,2.19,540011359556,2025-01-22,2025_01_22.csv,ignore,,600.0
BIO BANANEN,2.59,541077397404,2025-01-22,2025_01_22.csv,match,BANANA,700
VELDSLAA,2.07,541077397404,2025-01-22,2025_01_22.csv,ignore,,
T.O.I COMTE AOP,6.59,540011271860,2025-02-02,2025_02_02.csv,match,COMTE CHEESE,
NOISETTES D'AGNEAU,8.97,2048857008976,2025-02-02,2025_02_02.csv,match,LAMB,200
NOISETTES D'AGNEAU,9.61,204885,2025-02-02,2025_02_02.csv,match,LAMB,200
POMMES JEUNES POUS,1.19,5400112323703,2025-02-02,2025_02_02.csv,ignore,,400
SAL BLE EMB 100GR,1.39,540011230202,2025-02-02,2025_02_02.csv,match,SALAD GREENS,100.0
500G COUSCOUS PERL,4.35,541002800595,2025-02-02,2025_02_02.csv,match,COUSCOUS,500
DIEP ASELIN,3.26,1315 Hg x,2025-02-02,2025_02_02.csv,ignore,,
BIO PDT FARINE 2KG,4.99,540011239602,2025-02-02,2025_02_02.csv,ignore,,2000
750G ROSTY,5.45,870438087000,2025-02-02,2025_02_02.csv,ignore,,750
600G GAUFFRE POT,3.49,540011370075,2025-02-02,2025_02_02.csv,match,WAFFLE,600
600G GAUFFRE POT,3.39,540011370073,2025-02-02,2025_02_02.csv,match,WAFFLE,600
COULEMUS OEUVS 6PC,3.85,54094600046,2025-02-02,2025_02_02.csv,ignore,,
MAREDSOUS TRADITIO,10.69,307378119053,2025-02-02,2025_02_02.csv,match,CHEDDAR CHEESE,300
MAREDSOUS TRADITIO,10.69,307378119053,2025-02-02,2025_02_02.csv,match,CHEDDAR CHEESE,300
SAC A PAIN TRADITIONNEL,2.95,540011181306,2025-02-05,2025_02_05.csv,match,BREAD,
375G CHOCO LAIT,3.99,505831902249,2025-02-05,2025_02_05.csv,match,MILK CHOCOLATE,375
CAROTTES BIO,2.29,540011239500,2025-02-05,2025_02_05.csv,match,CARROT,500
"6 BOULES X 3,75/ KG",1.91,2406,2025-02-05,2025_02_05.csv,ignore,,
RAN POMPADURINETTE 15,2.99,542003002313,2025-02-05,2025_02_05.csv,ignore,,
FRUIT ET LEGUMES,1.85,843653575809,2025-02-05,2025_02_05.csv,ignore,,
6 WRAPS DE BLE,1.49,540011958095,2025-02-05,2025_02_05.csv,match,FLOUR TORTILLA,240
140G ROCK SALT,6.35,731131026797,2025-02-05,2025_02_05.csv,match,SALT,140
TOAST KRAKANT HAU,1.35,87184562413,2025-02-05,2025_02_05.csv,ignore,,
AVOCAT,5.8,540011956524,2025-02-05,2025_02_05.csv,match,AVOCADO,
DUN STOKERBROOD,1.25,599,2025-02-05,2025_02_05.csv,match,BREAD,400
POTIRON BUTTERNUT,2.19,2165,2025-02-05,2025_02_05.csv,match,BUTTERNUT SQUASH,250
"1,125 KG X 1,95/ KG",2.19,2165,2025-02-05,2025_02_05.csv,ignore,,1125.0
MEL JEUNES POUSSE,0.89,540011230780,2025-02-05,2025_02_05.csv,ignore,,
400G NUTELLA,3.55,301762042200,2025-02-05,2025_02_05.csv,match,CHOCOLATE HAZELNUT SPREAD,400
400G NUTELLA,3.55,301762042200,2025-02-05,2025_02_05.csv,match,CHOCOLATE HAZELNUT SPREAD,400
300G NUTELLA,3.55,301762042200,2025-02-05,2025_02_05.csv,ignore,,300.0
28 TENA ULT MINI,4.15,731079147464,2025-02-05,2025_02_05.csv,ignore,,
BURGER LIMOUSIN,5.0,540011960556,2025-02-05,2025_02_05.csv,match,BEEF,200
200GR EPINARD JEU,1.99,540011235182,2025-02-05,2025_02_05.csv,match,SPINACH,200
TOURNEDOS BOEUF,3.21,204003,2025-02-05,2025_02_05.csv,match,BEEF,150
TOURNEDOS BOEUF,3.17,204003,2025-02-05,2025_02_05.csv,match,BEEF,150
TOURNEDOS BOEUF,2.94,204003,2025-02-05,2025_02_05.csv,match,BEEF,100.0
TOURNEDOS BOEUF,3.19,204003,2025-02-05,2025_02_05.csv,match,BEEF,150
224G GAUF VANI CHO,2.99,541012601418,2025-02-05,2025_02_05.csv,match,WAFFLE,224
OIGNONS JAUNE 1KG,4.99,540011231492,2025-02-05,2025_02_05.csv,match,ONION,1000
MANDARINES A FEUIL,3.46,540011957806,2025-02-05,2025_02_05.csv,match,CLEMENTINE,500
"1,125 KG X 3,15/ KG",3.46,2016,2025-02-05,2025_02_05.csv,ignore,,1125.0
NOIR DE NOIR C OR,2.55,541008120184,2025-02-05,2025_02_05.csv,match,CHOCOLATE,100
NOIR DE NOIR C OR,2.55,541008120184,2025-02-05,2025_02_05.csv,match,CHOCOLATE,100
NOIR DE NOIR C OR,2.55,541008120184,2025-02-05,2025_02_05.csv,match,CHOCOLATE,100
SALAMI TRUFFES PAR,3.29,540011957806,2025-02-05,2025_02_05.csv,match,SALAMI,
200GR GUACAMOLE EP,2.99,540011238854,2025-02-05,2025_02_05.csv,match,GUACAMOLE,200.0
BIO BANANEN,2.59,40140716271,2025-02-05,2025_02_05.csv,match,BANANA,700
RAISIN ROUGE SA PE,2.79,540011233672,2025-02-07,2025_02_07.csv,match,RAISIN,
APPRE PINEA LADY 6P,3.99,3776666666,2025-02-07,2025_02_07.csv,ignore,,
CHIQUITA C BANANES,1.72,2004,2025-02-07,2025_02_07.csv,match,BANANA,700
100GR JEUNES POUSS,1.19,540011233672,2025-02-07,2025_02_07.csv,match,SALAD GREENS,100
BOURSIN POIVRE,4.09,317546000006,2025-02-07,2025_02_07.csv,match,CREAM CHEESE,150
CHAVROUX 150GR,2.49,327227001624,2025-02-07,2025_02_07.csv,ignore,,150.0
390G VERMICEL LAIT,4.69,8719611348,2025-02-07,2025_02_07.csv,match,PASTA,390
SHERBET 1L,5.99,871762913016,2025-02-07,2025_02_07.csv,match,SHERBET,1000.0
BURGER ANGUS,5.0,540011960558,2025-02-07,2025_02_07.csv,match,BEEF,200
BURGER ANGUS,5.0,540011960558,2025-02-07,2025_02_07.csv,match,BEEF,200
CITRON 500G,1.09,540011960558,2025-02-07,2025_02_07.csv,match,LEMON,500.0
350G CACAH/CACAO,3.99,360858015659,2025-02-07,2025_02_07.csv,match,CACAO,350.0
6 PAINS HAMBURGER,1.19,540011285200,2025-02-07,2025_02_07.csv,ignore,,100.0
AVOCAT,4.35,540011956924,2025-02-07,2025_02_07.csv,match,AVOCADO,
MANDARINES A FEUIL,4.51,2016,2025-02-07,2025_02_07.csv,match,CLEMENTINE,500
COURGETTES,2.46,2160,2025-02-07,2025_02_07.csv,match,ZUCCHINI,500
COLUMBUS OEUFFS 6PC,3.85,541094600046,2025-02-07,2025_02_07.csv,ignore,,360.0
TOM BELG GRAPP,4.43,2523,2025-02-07,2025_02_07.csv,match,TOMATO,
CAROTTES BIO,2.29,5400113295000,2025-02-15,2025_02_15.csv,match,CARROT,500
CAROTTES BIO,2.29,5400113295000,2025-02-15,2025_02_15.csv,match,CARROT,500
MANDARINES A FEUIL,3.92,,2025-02-15,2025_02_15.csv,match,CLEMENTINE,500
2R DIL ESS TT DEC,1.99,5400113568800,2025-02-15,2025_02_15.csv,ignore,,
4X4G DOUBLE LAIT,2.79,,2025-02-15,2025_02_15.csv,match,MILK CHOCOLATE,16
4X4G DOUBLE LAIT,2.79,,2025-02-15,2025_02_15.csv,match,MILK CHOCOLATE,16
4X4G DOUBLE LAIT,2.79,,2025-02-15,2025_02_15.csv,match,MILK CHOCOLATE,16
185G LAYS PAPRIKA,2.05,8710398509419,2025-02-15,2025_02_15.csv,match,PAPRIKA,185.0
125G EAGLES CHEESE,2.29,8710398509358,2025-02-15,2025_02_15.csv,ignore,,125.0
JAMBON A L OS AUTH,4.72,2208488,2025-02-15,2025_02_15.csv,match,HAM,250
JAMBON A L OS AUTH,4.79,2208488,2025-02-15,2025_02_15.csv,match,HAM,250
450G DIL BOIS BIOL,1.29,5400112717555,2025-02-15,2025_02_15.csv,ignore,,450.0
FILET DE POULET,9.85,2208572,2025-02-15,2025_02_15.csv,match,CHICKEN,1250
FILET DE POULET,10.03,2208572,2025-02-15,2025_02_15.csv,match,CHICKEN,1250
HERTA LRDNS NATUR,2.85,3153830014045,2025-02-15,2025_02_15.csv,match,PORK,200
MEDAILLON DE VEAU,7.81,2040317007819,2025-02-15,2025_02_15.csv,match,VEAL,200
MEDAILLON DE VEAU,5.02,2040315005022,2025-02-15,2025_02_15.csv,match,VEAL,200
MEDAILLON DE VEAU,7.76,2040312007760,2025-02-15,2025_02_15.csv,match,VEAL,200
HACHIS PORC-VEAU,5.62,2040843005627,2025-02-15,2025_02_15.csv,match,PORK,500
HACHIS PORC-VEAU,5.85,2040843005853,2025-02-15,2025_02_15.csv,match,PORK,500
OIGNONS JAUNES:2KG,2.19,5400119585499,2025-02-15,2025_02_15.csv,match,ONION,2000.0
BRU LEGPET,6.3,541001330503,2025-02-18,2025_02_18.csv,ignore,,
MANDARINES A FEUIL,3.62,2600,2025-02-18,2025_02_18.csv,match,CLEMENTINE,500
CRUNCH NO/CAC,4.69,360850015601,2025-02-18,2025_02_18.csv,ignore,,
MEERGRANENSTOKB.GROO,4.1,594,2025-02-18,2025_02_18.csv,match,BREAD,400
FITNESS BAGUE,1.75,2896,2025-02-18,2025_02_18.csv,ignore,,
CONF.NOSTALGIE,4.39,541004600860,2025-02-18,2025_02_18.csv,match,JAM,300
SAL BLE EMB 100GR,1.39,540001123442,2025-02-18,2025_02_18.csv,match,SALAD GREENS,100.0
OLIVE DENOVA 130G,2.59,540011957834,2025-02-18,2025_02_18.csv,ignore,,130.0
GUACAMOLE DO 200GR,2.99,540011238553,2025-02-18,2025_02_18.csv,match,GUACAMOLE,200.0
200GR HUMOUS,2.19,540001123442,2025-02-18,2025_02_18.csv,match,HUMMUS,200
SALAMI TRUFFES PAR,3.29,540011957806,2025-02-18,2025_02_18.csv,match,SALAMI,
325G PAT CAC CREME,4.19,360850012541,2025-02-18,2025_02_18.csv,match,CHOCOLATE HAZELNUT SPREAD,325
SALAMI ROULET,2.19,540011956113,2025-02-18,2025_02_18.csv,match,SALAMI,
HET TRAGSTE BROOD P,4.9,543000017740,2025-02-18,2025_02_18.csv,match,BREAD,400
HET TRAGSTE BROOD P,4.9,543000017740,2025-02-18,2025_02_18.csv,match,BREAD,400
FLEURES 38,19.99,871762913030,2025-02-18,2025_02_18.csv,ignore,,
PAIN DE VIANDE,11.33,204093,2025-02-18,2025_02_18.csv,match,MEAT,
400G NUTELLA,3.55,301762042200,2025-02-18,2025_02_18.csv,match,CHOCOLATE HAZELNUT SPREAD,400
1.5L SCHWEPPES TON,2.89,31244815636,2025-02-18,2025_02_18.csv,ignore,,1500.0
200GR NOCE NOTEN,11.79,541068364589,2025-02-18,2025_02_18.csv,ignore,,200.0
ROTI DE VEAU,27.86,2040322027864,2025-02-22,2025_02_22.csv,match,VEAL,700
CARLSB CREME ENT A,7.25,541138603975,2025-02-22,2025_02_22.csv,match,CREAM,
375G CHOCO LAIT,4.15,505831902249,2025-02-22,2025_02_22.csv,match,MILK CHOCOLATE,375
CIBOULETTE BIO,2.39,540011957593,2025-02-22,2025_02_22.csv,match,CHIVE,30
400G HONEY LOOPS,3.99,505831902385,2025-02-22,2025_02_22.csv,match,CEREAL,400
400G HONEY LOOPS,3.99,505831902385,2025-02-22,2025_02_22.csv,match,CEREAL,400
400G HONEY LOOPS,3.99,505831902385,2025-02-22,2025_02_22.csv,match,CEREAL,400
400G HONEY LOOPS,3.99,505831902385,2025-02-22,2025_02_22.csv,match,CEREAL,400
750G NUTELLA,5.25,8017680,2025-02-22,2025_02_22.csv,ignore,,750.0
CARLS BEURRE FT D,5.15,541115603113,2025-02-22,2025_02_22.csv,match,BUTTER,250
CARLS BEURRE SALE,5.15,541115603113,2025-02-22,2025_02_22.csv,match,BUTTER,250
CARLS BEURRE SALE,5.15,541115603113,2025-02-22,2025_02_22.csv,match,BUTTER,250
DLH PARM REGG AOP,2.55,540011952043,2025-02-22,2025_02_22.csv,ignore,,
CHEDDAR RAPE,4.09,540011953770,2025-02-22,2025_02_22.csv,match,CHEDDAR CHEESE,
GRANA PADANO,4.99,540011953886,2025-02-22,2025_02_22.csv,match,PARMESAN CHEESE,
SAL BLE EMB 100GR,1.39,540011230202,2025-02-22,2025_02_22.csv,match,SALAD GREENS,100.0
ENTREM.DECUST.250G,8.35,312393111000,2025-02-22,2025_02_22.csv,ignore,,250.0
255G DLL TOAST,1.75,540011213570,2025-02-22,2025_02_22.csv,ignore,,255.0
"GOUDA, TRANC JEUNE",3.29,540011901660,2025-02-22,2025_02_22.csv,match,GOUDA CHEESE,
250G DLL TOA CHEST,1.75,540011216410,2025-02-22,2025_02_22.csv,match,BREAD,250
PIZZA MOZZA PESTO,5.89,540011954563,2025-02-22,2025_02_22.csv,match,PIZZA CRUST,
PIZZA MOZZA PESTO,5.89,540011954563,2025-02-22,2025_02_22.csv,match,PIZZA CRUST,
6 WHARS DE BLE,1.49,540011958095,2025-02-22,2025_02_22.csv,ignore,,
CARPACCIO,5.1,204356,2025-02-22,2025_02_22.csv,match,BEEF,120
SAUCIE POULET,2.19,540011956113,2025-02-22,2025_02_22.csv,match,CHICKEN,250
HERTA LRDNS NATUR,2.85,315423081405,2025-02-22,2025_02_22.csv,match,PORK,200
COLUMBUS OEUFS 6PC,3.85,540194600046,2025-02-22,2025_02_22.csv,match,EGG,360
TERUG,0.0,00433367,2025-02-22,2025_02_22.csv,ignore,,
MANGUE,3.98,S40011954346,2025-02-25,2025_02_25.csv,match,MANGO,800
AVOCAT,1.45,S40011956924,2025-02-25,2025_02_25.csv,match,AVOCADO,
FETTUCCINE 300G,2.49,806601310013,2025-02-25,2025_02_25.csv,match,PASTA,300
HACHIS PORC-VEAU,11.19,2040847010280,2025-02-25,2025_02_25.csv,match,PORK,500
HACHIS PORC-VEAU,10.28,204084,2025-02-25,2025_02_25.csv,match,PORK,500
BIO BASILIC POT,1.49,S40035700917,2025-02-25,2025_02_25.csv,match,BASIL,
750G ROSET,5.59,8760000007700,2025-02-25,2025_02_25.csv,ignore,,750.0
HET TRAGASTE BROOD P,4.9,S43000017740,2025-02-25,2025_02_25.csv,match,BREAD,
BOTTE POIREAU,2.99,S42500984700,2025-02-25,2025_02_25.csv,match,LEEK,500
BIO BE-BIO-01,54.24,SN 87171063,2025-02-25,2025_02_25.csv,ignore,,
BOTTE POIREAU,2.99,542500984700,2025-03-02,2025_03_02.csv,match,LEEK,500
NOISETTES D AGNEAU,10.39,2048851010395,2025-03-02,2025_03_02.csv,match,LAMB,200
NOISETTES D AGNEAU,5.56,2048852005567,2025-03-02,2025_03_02.csv,match,LAMB,200
NOISETTES D AGNEAU,6.58,204885,2025-03-02,2025_03_02.csv,match,LAMB,200
PDT GRENA 1KG BIO,3.49,540011239794,2025-03-02,2025_03_02.csv,ignore,,1000.0
"COURGETTES 0,995 KG X 2,99/ KG",2.98,2160,2025-03-02,2025_03_02.csv,match,ZUCCHINI,995.0
"TOM BELG GRAPP 1,055 KG X 3,49/ KG",3.68,2523,2025-03-02,2025_03_02.csv,match,TOMATO,1055.0
BIO CAROTTES 100GR JEUNES POUSS,1.19,540011236373,2025-03-02,2025_03_02.csv,match,CARROT,100
SAL BLE EMB 100GR,1.39,540011230202,2025-03-02,2025_03_02.csv,match,SALAD GREENS,100.0
BIO CAROTTES 100GR JEUNES POUSS,1.19,540011236373,2025-03-02,2025_03_02.csv,match,CARROT,100
"BIO CAROTTES 2,29",2.29,540011239500,2025-03-02,2025_03_02.csv,match,CARROT,1000
BIO AIL 2 PC,1.29,540011239462,2025-03-02,2025_03_02.csv,match,GARLIC,80
"CARLSB CREME ENT A 7,25",7.25,541139603975,2025-03-02,2025_03_02.csv,match,CREAM,
"175GR CHICON GAST 3,00",3.0,540011230572,2025-03-02,2025_03_02.csv,match,CHICORY,175
"175GR CHICON GAST 3,00",3.0,540011230572,2025-03-02,2025_03_02.csv,match,CHICORY,175
"BIO CAROTTES 2,29",2.29,540011239500,2025-03-02,2025_03_02.csv,match,CARROT,1000
BIO AIL 2 PC,1.29,540011239462,2025-03-02,2025_03_02.csv,match,GARLIC,80
"CARLSB CREME ENT A 7,25",7.25,541139603975,2025-03-02,2025_03_02.csv,match,CREAM,
"325G PAT CAC CREME 4,19",4.19,360858012541,2025-03-02,2025_03_02.csv,match,CHOCOLATE HAZELNUT SPREAD,325.0
"MANDARINES A FEUIL 4,46",4.46,2016,2025-03-02,2025_03_02.csv,ignore,,1500
"DLL BIO OEUFS 6PC 2,95",2.95,540011210790,2025-03-02,2025_03_02.csv,match,EGG,360
"DLL BIO OEUFS 6PC 2,95",2.95,540011210790,2025-03-02,2025_03_02.csv,match,EGG,360
"MIGNON DE PORC 3,40",3.4,204128,2025-03-02,2025_03_02.csv,ignore,,250
"MIGNON DE PORC 3,08",3.08,204128,2025-03-02,2025_03_02.csv,ignore,,200
"MIGNON DE PORC 4,58",4.58,204128,2025-03-02,2025_03_02.csv,ignore,,350
"PILO DE POULET 5,99",5.99,540011953445,2025-03-02,2025_03_02.csv,match,CHICKEN,700
"FILET POITRINE POU 10,85",10.85,2208813,2025-03-02,2025_03_02.csv,ignore,,
"FILET POITRINE POU 11,43",11.43,2208813,2025-03-02,2025_03_02.csv,ignore,,
FENOUILS,2.1,4500315907142,2025-03-05,2025_03_05.csv,ignore,,500
FENOUILS,2.1,4500315907142,2025-03-05,2025_03_05.csv,ignore,,500
BIO CAROTTES,2.29,450011239500,2025-03-05,2025_03_05.csv,match,CARROT,1000
BIO CAROTTES,2.29,450011239500,2025-03-05,2025_03_05.csv,match,CARROT,1000
HOUMOUS,2.19,450011238642,2025-03-05,2025_03_05.csv,match,HUMMUS,200
HOUMOUS,2.19,450011238642,2025-03-05,2025_03_05.csv,match,HUMMUS,200
HOUMOUS,2.19,450011238642,2025-03-05,2025_03_05.csv,match,HUMMUS,200
HOUMOUS,2.19,450011238642,2025-03-05,2025_03_05.csv,match,HUMMUS,200
APPEL PINK LADY 6P,3.99,377047661163,2025-03-05,2025_03_05.csv,match,APPLE,900
APPEL PINK LADY 6P,3.99,377047661163,2025-03-05,2025_03_05.csv,match,APPLE,900
MANGUE,1.99,450011954346,2025-03-05,2025_03_05.csv,match,MANGO,400
MANGUE,1.99,450011954346,2025-03-05,2025_03_05.csv,match,MANGO,400
MANGUE,1.99,450011954346,2025-03-05,2025_03_05.csv,match,MANGO,400
MANGUE,1.99,450011954346,2025-03-05,2025_03_05.csv,match,MANGO,400
MANGUE,1.99,450011954346,2025-03-05,2025_03_05.csv,match,MANGO,400
MANGUE,1.99,450011954346,2025-03-05,2025_03_05.csv,match,MANGO,400
CHIQUITA C BANANES,2.55,2004,2025-03-05,2025_03_05.csv,match,BANANA,700
AVOCAT,8.7,540011596924,2025-03-05,2025_03_05.csv,match,AVOCADO,
MANDARINES A FEUIL,4.01,2016,2025-03-05,2025_03_05.csv,match,CLEMENTINE,500
RIZ DLONG BIO,2.65,540011351051,2025-03-05,2025_03_05.csv,ignore,,
100GR JEUNES POUS,1.19,540011236373,2025-03-05,2025_03_05.csv,match,SALAD GREENS,100
TOURNEDOS BOEUF,7.54,204003,2025-03-05,2025_03_05.csv,match,BEEF,400
TOURNEDOS BOEUF,7.54,204003,2025-03-05,2025_03_05.csv,match,BEEF,400
SAUMON BELLE-VUE,5.99,540011236373,2025-03-05,2025_03_05.csv,match,SALMON,150
ZESPRI KIWI GOLD,4.5,803335572026,2025-03-05,2025_03_05.csv,match,KIWI,600
VERMICEL LAIT,4.69,871570011548,2025-03-05,2025_03_05.csv,ignore,,
MOZZARELLA MAXI,2.85,800043013526,2025-03-05,2025_03_05.csv,match,MOZZARELLA CHEESE,250
MOZZARELLA MAXI,2.85,800043013526,2025-03-05,2025_03_05.csv,match,MOZZARELLA CHEESE,250
SAUMON FUME,8.99,540011236373,2025-03-05,2025_03_05.csv,match,SALMON,100
DLL PUREE POMME DE,3.39,540011756256,2025-03-05,2025_03_05.csv,match,FRUIT,1250
TORTELLO TOM,2.49,540011957537,2025-03-05,2025_03_05.csv,match,TORTELLINI,
TORTELLO TOM,2.49,540011957537,2025-03-05,2025_03_05.csv,match,TORTELLINI,
TORTELLO TOM,2.49,540011957537,2025-03-05,2025_03_05.csv,match,TORTELLINI,
VILEDA EPON UNIVER,3.99,5401020820746,2025-03-05,2025_03_05.csv,ignore,,
DANONE ACT FRAISES,2.49,540104641777,2025-03-05,2025_03_05.csv,match,YOGURT,500
DANONE ACT FRAISES,2.49,540104641777,2025-03-05,2025_03_05.csv,match,YOGURT,500
NOSTAL CONF FIGUES,4.19,540104601006,2025-03-05,2025_03_05.csv,ignore,,
HG SCHIMMELVLEKENRE,7.59,871157700155,2025-03-05,2025_03_05.csv,ignore,,
FAIREBEL BEURRE,4.25,542502728070,2025-03-08,2025_03_08.csv,match,BUTTER,500
MOZZARELLA MAXI,2.85,800043013526,2025-03-08,2025_03_08.csv,match,MOZZARELLA CHEESE,250
MOZZARELLA MAXI,2.85,800043013526,2025-03-08,2025_03_08.csv,match,MOZZARELLA CHEESE,250
MEDAILLON DE VEAU,8.67,2040314008673,2025-03-08,2025_03_08.csv,match,VEAL,200
MEDAILLON DE VEAU,9.91,2040314009915,2025-03-08,2025_03_08.csv,match,VEAL,200
CHATEAUBRIAND,5.82,2040042005821,2025-03-08,2025_03_08.csv,match,BEEF,250
CHATEAUBRIAND,6.81,2040046006817,2025-03-08,2025_03_08.csv,match,BEEF,250
CHATEAUBRIAND,6.57,2040045006573,2025-03-08,2025_03_08.csv,match,BEEF,250
HACHIS PORC-VEAU,5.39,2040843005396,2025-03-08,2025_03_08.csv,match,PORK,500
HACHIS PORC-VEAU,5.63,2040844005630,2025-03-08,2025_03_08.csv,match,PORK,500
500G RIZ DLONG BIO,2.65,540011351051,2025-03-08,2025_03_08.csv,match,RICE,500
CHATEAUBRIAND,5.74,2040049005749,2025-03-08,2025_03_08.csv,match,BEEF,250
MANGUE,1.99,540011954346,2025-03-08,2025_03_08.csv,match,MANGO,400
MANGUE,1.99,540011954346,2025-03-08,2025_03_08.csv,match,MANGO,400
CAMP FROM FR ENTIE,1.99,871280000066,2025-03-08,2025_03_08.csv,match,BREAD,500
APPEL PINK LADY 6P,3.99,370047661163,2025-03-08,2025_03_08.csv,match,APPLE,900
"MANDARINES A FEUIL 1,210 KG",3.62,2016,2025-03-08,2025_03_08.csv,match,TANGERINE,1210
DLL YA MAIG NAT 8X,1.29,540011958876,2025-03-08,2025_03_08.csv,match,YOGURT,800
JAMBON A L OS AUTH,4.82,2208488004826,2025-03-08,2025_03_08.csv,match,HAM,250
SAL BLE EMB 100GR,1.39,540011230202,2025-03-08,2025_03_08.csv,match,SALAD GREENS,100.0
JAMBON A L OS AUTH,4.82,2208488004826,2025-03-08,2025_03_08.csv,match,HAM,250
SAUM.ATL.NORV.130G,6.29,540011959139,2025-03-08,2025_03_08.csv,match,SMOKED SALMON,130
BIO BANANEN,2.59,401407169271,2025-03-08,2025_03_08.csv,match,BANANA,700
AVOCAT,1.45,540011956924,2025-03-08,2025_03_08.csv,match,AVOCADO,
AVOCAT,1.45,540011956924,2025-03-08,2025_03_08.csv,match,AVOCADO,
AVOCAT,1.45,540011956924,2025-03-08,2025_03_08.csv,match,AVOCADO,
COLUMBUS OEUFS 6PC,3.85,541094600046,2025-03-08,2025_03_08.csv,match,EGG,360
COLUMBUS OEUFS 6PC,3.85,541094600046,2025-03-08,2025_03_08.csv,match,EGG,360
28G DLL CL GIRO BI,2.05,540011373304,2025-03-08,2025_03_08.csv,match,CLOVE,28
DE CECCO SPAGHETTI,2.39,800125012012,2025-03-08,2025_03_08.csv,match,PASTA,500
DE CECCO SPAGHETTI,2.39,800125012012,2025-03-08,2025_03_08.csv,match,PASTA,500
DE CECCO SPAGHETTI,2.39,800125012012,2025-03-08,2025_03_08.csv,match,PASTA,500
DE CECCO SPAGHETTI,2.39,800125012012,2025-03-08,2025_03_08.csv,match,PASTA,500
BIO CAROTTES,2.29,540011239500,2025-03-14,2025_03_14.csv,match,CARROT,1000
75 CROZES HERM GAL,12.49,323478310365,2025-03-14,2025_03_14.csv,ignore,,
75 CROZES HERM GAL,12.49,323478310365,2025-03-14,2025_03_14.csv,ignore,,
33CL LA CHOUFFE,1.89,541076910008,2025-03-14,2025_03_14.csv,ignore,,330.0
LEEGGOD,0.1,217000000079,2025-03-14,2025_03_14.csv,ignore,,
LEEGGOD,0.1,217000000079,2025-03-14,2025_03_14.csv,ignore,,
MANDARINES A FEUIL,3.12,2016,2025-03-14,2025_03_14.csv,match,CLEMENTINE,500
BIO HOUMOUS 200G,2.99,540011234720,2025-03-14,2025_03_14.csv,match,HUMMUS,200
GUACAMOLE DO 200GR,2.99,540011238853,2025-03-14,2025_03_14.csv,match,GUACAMOLE,200.0
GUACAMOLE DO 200GR,2.99,540011238853,2025-03-14,2025_03_14.csv,match,GUACAMOLE,200.0
GUACAMOLE DO 200GR,2.99,540011238853,2025-03-14,2025_03_14.csv,match,GUACAMOLE,200.0
CIBOULETTE BIO,2.39,540011237273,2025-03-14,2025_03_14.csv,match,CHIVE,30
HET TRANSTGE BROOD P,4.9,543000017740,2025-03-14,2025_03_14.csv,match,BREAD,
SAL BLE EMB 100GR,1.39,540011230202,2025-03-14,2025_03_14.csv,match,SALAD GREENS,100.0
SAL BLE EMB 100GR,1.39,540011230202,2025-03-14,2025_03_14.csv,match,SALAD GREENS,100.0
BIO BANANEN,2.59,401407169271,2025-03-14,2025_03_14.csv,match,BANANA,700
185G LAYS S&BL.PEP,2.05,871039852422,2025-03-14,2025_03_14.csv,ignore,,185.0
HACHIS PORC-VEAU,5.78,204084,2025-03-14,2025_03_14.csv,match,PORK,500
HACHIS PORC-VEAU,5.96,204084,2025-03-14,2025_03_14.csv,match,PORK,500
BIO CAROTTES,2.29,540011239500,2025-03-14,2025_03_14.csv,match,CARROT,1000
MANGUE,1.99,540011954346,2025-03-14,2025_03_14.csv,match,MANGO,400
MEDAILLON DE VEAU,6.28,204031,2025-03-14,2025_03_14.csv,match,VEAL,200
MEDAILLON DE VEAU,6.23,204031,2025-03-14,2025_03_14.csv,match,VEAL,200
MEDAILLON DE VEAU,8.73,204031,2025-03-14,2025_03_14.csv,match,VEAL,200
MEDAILLON DE VEAU,12.0,204031,2025-03-14,2025_03_14.csv,match,VEAL,200
MEDAILLON DE VEAU,9.16,204031,2025-03-14,2025_03_14.csv,match,VEAL,200
185G LAYS NATUREL,2.09,871039852408,2025-03-14,2025_03_14.csv,ignore,,185
BIO BANANEN,2.59,401407169271,2025-03-14,2025_03_14.csv,match,BANANA,700
6X33CL SCHWEPPES T,3.79,312448018692,2025-03-14,2025_03_14.csv,ignore,,1980.0
AVOCAT,1.45,540011956524,2025-03-14,2025_03_14.csv,match,AVOCADO,
6X33CL SCHWEPPES M,6.89,312448018743,2025-03-14,2025_03_14.csv,ignore,,1980.0
ROSTY,5.59,871043808700,2025-03-14,2025_03_14.csv,ignore,,
750G ROSTY,5.59,871043808700,2025-03-14,2025_03_14.csv,ignore,,750
CAMP FROM FR ENT,4.59,871280000060,2025-03-14,2025_03_14.csv,match,BREAD,500
CAMP FROM FR ENT,4.59,871280000060,2025-03-14,2025_03_14.csv,match,BREAD,500
HET TRAAGSTE BROOD P,4.9,543000017740,2025-03-19,2025_03_19.csv,match,BREAD,400
HET TRAAGSTE BROOD P,4.9,543000017740,2025-03-19,2025_03_19.csv,match,BREAD,400
HET TRAAGSTE BROOD P,4.9,0450031907142,2025-03-19,2025_03_19.csv,match,BREAD,400
HET TRAAGSTE BROOD P,4.9,543000017740,2025-03-19,2025_03_19.csv,match,BREAD,400
DUN STOKBROOD,2.5,599,2025-03-19,2025_03_19.csv,ignore,,
MULTIGRAINS SUN,2.49,590262055218,2025-03-19,2025_03_19.csv,match,CRISPBREAD,
MULTIGRAINS SUN,2.49,590262055218,2025-03-19,2025_03_19.csv,match,CRISPBREAD,
BIO CAROTTES,2.29,540011239500,2025-03-19,2025_03_19.csv,match,CARROT,1000
BIO BANANEN,2.59,401407169271,2025-03-19,2025_03_19.csv,match,BANANA,700
12T KNOOR BOU POU,1.99,872048212116,2025-03-19,2025_03_19.csv,ignore,,
BURGER LIMOUSIN,5.25,540011960556,2025-03-19,2025_03_19.csv,match,BEEF,200
BURGER LIMOUSIN,5.25,540011960556,2025-03-19,2025_03_19.csv,match,BEEF,200
BURGER LIMOUSIN,5.25,540011960556,2025-03-19,2025_03_19.csv,match,BEEF,200
BURGER LIMOUSIN,5.25,540011960556,2025-03-19,2025_03_19.csv,match,BEEF,200
BURGER LIMOUSIN,5.25,540011960556,2025-03-19,2025_03_19.csv,match,BEEF,200
HACHIS PORC-VEAU,11.16,204084,2025-03-19,2025_03_19.csv,match,PORK,500
HACHIS PORC-VEAU,10.14,204084,2025-03-19,2025_03_19.csv,match,PORK,500
MANGUE,0.99,540011958508,2025-03-19,2025_03_19.csv,match,MANGO,200
BIO BANANEN,2.59,401407169271,2025-03-19,2025_03_19.csv,match,BANANA,700
250ML H.OLIVE CITR,4.29,5400119374598,2025-03-19,2025_03_19.csv,ignore,,250.0
ECHAPPE 500G,0.99,540011958508,2025-03-19,2025_03_19.csv,ignore,,500.0
SAUMON BELLE-VUE,5.99,540011959141,2025-03-21,2025_03_21.csv,match,SALMON,150
125G CHIPS SEL,2.45,543000185002,2025-03-21,2025_03_21.csv,ignore,,125.0
200G MEDAILLON DE VEAU,4.33,204031,2025-03-21,2025_03_21.csv,match,VEAL,200
200G MEDAILLON DE VEAU,4.79,204031,2025-03-21,2025_03_21.csv,match,VEAL,200
200G MEDAILLON DE VEAU,4.0,204031,2025-03-21,2025_03_21.csv,match,VEAL,200
200G MEDAILLON DE VEAU,3.79,204031,2025-03-21,2025_03_21.csv,match,VEAL,200
200G MEDAILLON DE VEAU,4.49,204031,2025-03-21,2025_03_21.csv,match,VEAL,200
200G MEDAILLON DE VEAU,4.9,543000017740,2025-03-21,2025_03_21.csv,match,VEAL,200
"1,005 KG X 3,79/ KG",3.81,2405,2025-03-21,2025_03_21.csv,ignore,,1004.9999999999999
100GR JEUNES POUS,1.19,540011236373,2025-03-21,2025_03_21.csv,match,SALAD GREENS,100
100GR JEUNES POUS,1.19,2226572011356,2025-03-21,2025_03_21.csv,match,SALAD GREENS,100
FILET DE POULET,11.39,2208572,2025-03-21,2025_03_21.csv,match,CHICKEN,1500
CARLSB BEURRE SALE,5.15,541115600047,2025-03-21,2025_03_21.csv,match,BUTTER,600
SAL BLE EMB 100GR,1.39,540011230202,2025-03-21,2025_03_21.csv,match,SALAD GREENS,100.0
100GR JEUNES POUS,1.19,540011236373,2025-03-21,2025_03_21.csv,match,SALAD GREENS,100
PT SUISSE M 6X60G,2.49,5401625,2025-03-21,2025_03_21.csv,ignore,,360.0
AUBEL BEURRE 500G,9.19,541060301789,2025-03-21,2025_03_21.csv,match,BUTTER,500
GALBANI RICOTTA 25,2.39,800043019401,2025-03-21,2025_03_21.csv,ignore,,
200G MEDAILLON DE VEAU,4.79,204031,2025-03-21,2025_03_21.csv,match,VEAL,200
200G MEDAILLON DE VEAU,4.14,204031,2025-03-21,2025_03_21.csv,match,VEAL,200
200G DUUVIS CRAC A,1.95,878749801154,2025-03-21,2025_03_21.csv,ignore,,200.0
200G MEDAILLON DE VEAU,4.52,204031,2025-03-21,2025_03_21.csv,match,VEAL,200
SAL BLE EMB 100GR,1.39,540011230202,2025-03-21,2025_03_21.csv,match,SALAD GREENS,100.0
PECORINO ROMANO AO,4.89,540011236262,2025-03-21,2025_03_21.csv,match,ROMANO CHEESE,
TM BENNEE NOTEN,11.79,541068364589,2025-03-21,2025_03_21.csv,ignore,,
FLEURES 38,19.99,871762913030,2025-03-21,2025_03_21.csv,ignore,,
LIJNZAAD GEBROKEN 15,2.09,542003640937,2025-03-21,2025_03_21.csv,ignore,,
DIXMONT BEUR 250G,5.05,5410614044,2025-03-21,2025_03_21.csv,ignore,,250.0
JENVERBRESEN,6.68,316290003122,2025-03-21,2025_03_21.csv,ignore,,
GMBER POEDER,5.69,316290003171,2025-03-21,2025_03_21.csv,ignore,,
60G MEDIT HERB MIX,5.59,323475003043,2025-03-21,2025_03_21.csv,ignore,,60.0
35G MEDIT HERB MIX,6.73,316290003144,2025-03-21,2025_03_21.csv,ignore,,35.0
DILLE,7.57,323475003001,2025-03-21,2025_03_21.csv,ignore,,
GUACAMOLE DO 200GR,3.09,540011238853,2025-03-21,2025_03_21.csv,match,GUACAMOLE,200.0
GOACAMOLE DO 200GR,3.09,540011238853,2025-03-21,2025_03_21.csv,ignore,,200.0
BIO HOMOUS 200G,2.99,540011234720,2025-03-21,2025_03_21.csv,match,HUMMUS,200
BIO HOMOUS 200G,2.99,540011234720,2025-03-21,2025_03_21.csv,match,HUMMUS,200
BIO GINGEMBRE,1.56,2156,2025-03-21,2025_03_21.csv,match,GINGER,100
COUSTRON ROUGE,4.45,2155,2025-03-21,2025_03_21.csv,ignore,,
COURGETTES,5.08,2160,2025-03-21,2025_03_21.csv,match,ZUCCHINI,500
DOC APEROL,11.49,800223000030,2025-03-21,2025_03_21.csv,ignore,,
BIO PDT FARINE 2KG,4.99,540011239602,2025-03-21,2025_03_21.csv,ignore,,2000
GAROF MOZZA BUFAL D,3.69,801678400092,2025-03-21,2025_03_21.csv,match,MOZZARELLA CHEESE,125
GAROF MOZZA BUFAL D,3.69,801678400092,2025-03-21,2025_03_21.csv,match,MOZZARELLA CHEESE,125
GAROF MOZZA BUFAL D,3.69,801678400092,2025-03-21,2025_03_21.csv,match,MOZZARELLA CHEESE,125
GAROF MOZZA BUFAL D,3.69,801678400092,2025-03-21,2025_03_21.csv,match,MOZZARELLA CHEESE,125
GAROF MOZZA BUFAL D,3.69,801678400092,2025-03-21,2025_03_21.csv,match,MOZZARELLA CHEESE,125
GAROF MOZZA BUFAL D,3.69,801678400092,2025-03-21,2025_03_21.csv,match,MOZZARELLA CHEESE,125
DOC PROSECCO DOC,10.99,800622000166,2025-03-21,2025_03_21.csv,ignore,,
DOC PROSECCO DOC,10.99,800622000166,2025-03-21,2025_03_21.csv,ignore,,
TOM BELG GRAPP,5.56,2523,2025-03-21,2025_03_21.csv,match,TOMATO,
BIO CAROTTES,2.29,540011237500,2025-03-21,2025_03_21.csv,match,CARROT,1000
APPEL PINK LADY 6P,3.49,370047661163,2025-03-21,2025_03_21.csv,match,APPLE,900
APPEL PINK LADY 6P,3.49,370047661163,2025-03-21,2025_03_21.csv,match,APPLE,900
COLIMBUS OEUFS 5+1,3.2,541094600062,2025-03-21,2025_03_21.csv,match,EGG,360
COLIMBUS OEUFS 5+1,3.2,541094600062,2025-03-21,2025_03_21.csv,match,EGG,360
COLIMBUS OEUFS 5+1,3.2,541094600062,2025-03-21,2025_03_21.csv,match,EGG,360
250ML HO HERB ITAL,4.29,540011375000,2025-03-21,2025_03_21.csv,ignore,,250.0
6X33C CANADA DRY,7.09,31448519735,2025-03-21,2025_03_21.csv,ignore,,
BEBILIN POT BIO,2.39,540011237273,2025-03-21,2025_03_21.csv,match,BASIL,
CORIANDRE BIO,2.39,540011957590,2025-03-21,2025_03_21.csv,match,CORIANDER,30
BIO THYM,1.49,540011237380,2025-03-21,2025_03_21.csv,ignore,,
MANDARINES A FEUIL,4.5,2016,2025-03-21,2025_03_21.csv,match,CLEMENTINE,500
"1,005 KG X 3,79/ KG",3.81,2405,2025-03-21,2025_03_21.csv,ignore,,1004.9999999999999
HACHIS PORC-VEAU,5.13,204084,2025-03-29,2025_03_29.csv,match,PORK,500
HACHIS PORC-VEAU,4.8,204084,2025-03-29,2025_03_29.csv,match,PORK,500
HACHIS PORC-VEAU,5.42,204084,2025-03-29,2025_03_29.csv,match,PORK,500
HACHIS PORC-VEAU,5.33,204084,2025-03-29,2025_03_29.csv,match,PORK,500
DLL TOA CHEST,1.75,2506,2025-03-29,2025_03_29.csv,match,BREAD,250
DLL TOA CHEST,1.75,2506,2025-03-29,2025_03_29.csv,match,BREAD,250
CARLSB CREME ENT A,7.25,540011216410,2025-03-29,2025_03_29.csv,match,CREAM,
CARLSB CREME ENT A,7.25,540011216410,2025-03-29,2025_03_29.csv,match,CREAM,
CARLSB CREME ENT A,4.59,871280000660,2025-03-29,2025_03_29.csv,match,CREAM,
CAMP FROM FR ENTIE,1.99,871280000666,2025-03-29,2025_03_29.csv,match,BREAD,500
500ML DLL MAYO OEU,1.59,540011376084,2025-03-29,2025_03_29.csv,match,MAYONNAISE,500.0
325G PAT CAC CREME,4.19,360858012541,2025-03-29,2025_03_29.csv,match,CHOCOLATE HAZELNUT SPREAD,325
200G NUTELLA,2.69,8013546,2025-03-29,2025_03_29.csv,match,CHOCOLATE HAZELNUT SPREAD,200
DANONE ACT FRAISES,2.49,541014641777,2025-03-29,2025_03_29.csv,match,YOGURT,500
DANONE ACT FRAISES,2.49,541014641777,2025-03-29,2025_03_29.csv,match,YOGURT,500
TOM BELG GRAPP,5.7,2523,2025-03-29,2025_03_29.csv,match,TOMATO,
200G NUTELLA,2.69,8013546,2025-03-29,2025_03_29.csv,match,CHOCOLATE HAZELNUT SPREAD,200
EM 335G FRAISE,4.09,360858091667,2025-03-29,2025_03_29.csv,match,STRAWBERRY,335
AVOCAT,11.34,540011356924,2025-03-29,2025_03_29.csv,match,AVOCADO,
JAMBON DEGRAISSE,3.82,2208132,2025-03-29,2025_03_29.csv,match,HAM,200
JAMBON DEGRAISSE,3.92,2208132,2025-03-29,2025_03_29.csv,match,HAM,200
325G PAT CAC CREME,4.19,360858012541,2025-03-29,2025_03_29.csv,match,CHOCOLATE HAZELNUT SPREAD,325
EM 335G FRAISE,4.09,360858091667,2025-03-29,2025_03_29.csv,match,STRAWBERRY,335
DES DE POULET,7.0,2205567,2025-03-29,2025_03_29.csv,match,CHICKEN,1000
DES DE POULET,7.02,2205567,2025-03-29,2025_03_29.csv,match,CHICKEN,1000
DES DE POULET,7.02,2205567,2025-03-29,2025_03_29.csv,match,CHICKEN,1000
DES DE POULET,7.0,2205567,2025-03-29,2025_03_29.csv,match,CHICKEN,1000
DES DE POULET,7.02,2205567,2025-03-29,2025_03_29.csv,match,CHICKEN,1000
450G MINI ROSTI,2.69,540011375692,2025-03-29,2025_03_29.csv,ignore,,450.0
DLL BOMBE DUCHESSE,1.59,540011375696,2025-03-29,2025_03_29.csv,ignore,,
6X55ML MAGNUM ALMO,3.99,871132761192,2025-03-29,2025_03_29.csv,match,ICE CREAM,330
BIO BANANEN,2.59,401407169271,2025-03-29,2025_03_29.csv,match,BANANA,700
BIO BANANEN,2.59,401407169271,2025-03-29,2025_03_29.csv,match,BANANA,700
DLL BIO OEUVS 12PC,4.85,540011352183,2025-03-29,2025_03_29.csv,ignore,,
HET TRAAGSTE BROOD P,4.9,,2025-05-13,2025_05_13.csv,match,BREAD,400
AVOCAT,9.45,5430000177440,2025-05-13,2025_05_13.csv,match,AVOCADO,
MANGUE,3.98,540011954346,2025-05-13,2025_05_13.csv,match,MANGO,800
JAMBON CUIT AU FOU,4.25,2258760003979,2025-05-13,2025_05_13.csv,match,HAM,200
JAMBON CUIT AU FOU,3.97,2258760004099,2025-05-13,2025_05_13.csv,match,HAM,200
JAMBON CUIT AU FOU,4.09,2258760004099,2025-05-13,2025_05_13.csv,match,HAM,200
PDT CHARLOTTE 1KG,2.89,540011237890,2025-05-28,2025_05_28.csv,ignore,,1000.0
20 F BECKMANN,8.75,4000013015064,2025-05-28,2025_05_28.csv,ignore,,
FILET PUR,15.06,204001,2025-05-28,2025_05_28.csv,match,BEEF,250
FILET PUR,14.4,204001,2025-05-28,2025_05_28.csv,match,BEEF,250
BRUNIR/SERVIR VEAU,7.2,204030,2025-05-28,2025_05_28.csv,match,VEAL,300
BRUNIR/SERVIR VEAU,8.03,204030,2025-05-28,2025_05_28.csv,match,VEAL,300
JAMBON DEGRAISSE,3.9,2208132003908,2025-05-28,2025_05_28.csv,match,HAM,200
JAMBON DEGRAISSE,3.9,2208132003908,2025-05-28,2025_05_28.csv,match,HAM,200
JAMBON DEGRAISSE,3.9,2208132003908,2025-05-28,2025_05_28.csv,match,HAM,200
JAMBON DEGRAISSE,3.9,2208132003908,2025-05-28,2025_05_28.csv,match,HAM,200
UDON NOUILLES,3.95,400235901884,2025-05-28,2025_05_28.csv,match,UDON NOODLE,
UDON NOUILLES,3.95,400235901884,2025-05-28,2025_05_28.csv,match,UDON NOODLE,
300G FLOC AVOI BIO,1.49,540011371432,2025-05-28,2025_05_28.csv,ignore,,300.0
250G DLL TOA CHEST,1.75,540011216410,2025-05-28,2025_05_28.csv,match,BREAD,250
250G DLL TOA ROMARIN,2.33,730040048262,2025-05-28,2025_05_28.csv,ignore,,250.0
SAL BLE EMB 100GR,1.39,540011230202,2025-05-28,2025_05_28.csv,match,SALAD GREENS,100.0
SAL BLE EMB 100GR,1.39,540011230202,2025-05-28,2025_05_28.csv,match,SALAD GREENS,100.0
175GR JEUNES POUSS,2.29,540011236163,2025-05-28,2025_05_28.csv,ignore,,175.0
MANGUE,2.39,540011957593,2025-05-28,2025_05_28.csv,match,MANGO,500
2 X 200G SM MINI TORTI,3.98,731131038417,2025-05-28,2025_05_28.csv,ignore,,400.0
200G SM MINI TORTI,2.49,731131038417,2025-05-28,2025_05_28.csv,match,TORTELLINI,200
325G EPERCAC CREME,4.19,360858012541,2025-05-28,2025_05_28.csv,match,CHOCOLATE HAZELNUT SPREAD,325
CIBOULETTE BIO,2.39,540011957593,2025-05-28,2025_05_28.csv,match,CHIVE,30
MULTIGRAINS SUN,2.49,550262095218,2025-05-28,2025_05_28.csv,match,CRISPBREAD,
MULTIGRAINS SUN,2.49,550262095218,2025-05-28,2025_05_28.csv,match,CRISPBREAD,
BIO CAROTTES,2.29,540011239500,2025-05-28,2025_05_28.csv,match,CARROT,1000
HACHIS PORC-VEAU,10.64,204084,2025-05-28,2025_05_28.csv,match,PORK,500
CHARCUTERIE,5.43,540011371669,2025-05-28,2025_05_28.csv,match,SALAMI,150
CHARCUTERIE,5.43,540011371669,2025-05-28,2025_05_28.csv,match,SALAMI,150
2X90G HAR. RO 0%SE,2.19,540011371670,2025-05-28,2025_05_28.csv,ignore,,180.0
2X90G LENTIL 0%SEL,2.39,540011371670,2025-05-28,2025_05_28.csv,match,LENTIL,180
POIS CHICHES,0.83,540011362046,2025-05-28,2025_05_28.csv,ignore,,
SH A DEL MEN PURE,4.85,400590002334,2025-05-31,2025_05_31.csv,ignore,,
CANARD WC MARINE,3.39,500020427807,2025-05-31,2025_05_31.csv,ignore,,
NEOJOYANCE CITRONEL,2.99,54155001553,2025-05-31,2025_05_31.csv,ignore,,
NET MULTISURF ECO,4.99,541253342179,2025-05-31,2025_05_31.csv,ignore,,
6X33CL 7UP,4.95,540108003382,2025-05-31,2025_05_31.csv,ignore,,1980.0
HG DET ECL CARREL,9.09,871157718945,2025-05-31,2025_05_31.csv,ignore,,
BURGER LIMOUSIN,5.25,540011960556,2025-05-31,2025_05_31.csv,match,BEEF,200
HACHIS PORC-VEAU,5.25,2040840005673,2025-05-31,2025_05_31.csv,match,PORK,500
HACHIS PORC-VEAU,5.67,204084,2025-05-31,2025_05_31.csv,match,PORK,500
CARLSB CREME ENT A,7.25,541139603975,2025-05-31,2025_05_31.csv,match,CREAM,
MKA 30 MELO CAKES,7.35,7624224488,2025-05-31,2025_05_31.csv,ignore,,
HET TRAGSTE BROOD P,4.9,543000017740,2025-05-31,2025_05_31.csv,match,BREAD,400
190G THIN ROMARIN,2.39,730040048262,2025-05-31,2025_05_31.csv,match,CRACKER,190.0
190G THIN ROMARIN,2.39,730040048262,2025-05-31,2025_05_31.csv,match,CRACKER,190.0
D365 CREME 20 CL,0.81,540060173439,2025-05-31,2025_05_31.csv,match,CREAM,200
D365 CREME 20 CL,0.81,540060173439,2025-05-31,2025_05_31.csv,match,CREAM,200
D365 CREME 20 CL,0.81,540060173439,2025-05-31,2025_05_31.csv,match,CREAM,200
BIO CAROTTES,2.29,540011239500,2025-05-31,2025_05_31.csv,match,CARROT,1000
GAROF MOZZA BUFFA C,2.55,801678490114,2025-05-31,2025_05_31.csv,match,MOZZARELLA CHEESE,125
GAROF MOZZA BUFFA C,2.55,801678490114,2025-05-31,2025_05_31.csv,match,MOZZARELLA CHEESE,125
DLL FR DEMI ECREME,1.39,54001123950,2025-05-31,2025_05_31.csv,ignore,,
SAL BLEME 100GR,1.39,5400112022,2025-05-31,2025_05_31.csv,ignore,,100.0
HET TRAGSTE BROOD P,4.9,543000017740,2025-05-31,2025_05_31.csv,match,BREAD,400
JAMBON DEGRAISSE,3.87,2208132003878,2025-05-31,2025_05_31.csv,match,HAM,200
250G DLL TOA CHEST,1.75,54001126410,2025-05-31,2025_05_31.csv,match,BREAD,250
GAROF MOZZA BUFFA C,2.55,801678490114,2025-05-31,2025_05_31.csv,match,MOZZARELLA CHEESE,125
GAROF MOZZA BUFFA C,2.55,801678490114,2025-05-31,2025_05_31.csv,match,MOZZARELLA CHEESE,125
D365 CREME 20 CL,0.81,540060173439,2025-05-31,2025_05_31.csv,match,CREAM,200
D365 CREME 20 CL,0.81,540060173439,2025-05-31,2025_05_31.csv,match,CREAM,200
DANONE SKYR FRAISE,2.59,54101646186,2025-05-31,2025_05_31.csv,ignore,,400
DANONE SKYR NAT 4X,2.95,332977007326,2025-05-31,2025_05_31.csv,ignore,,
BIO HOUMOUS 200G,2.99,540011234720,2025-05-31,2025_05_31.csv,match,HUMMUS,200
COLUMBUS OEUFS 6PC,3.85,541094600046,2025-05-31,2025_05_31.csv,match,EGG,360
DANONE COT CH 400G,4.59,541016462124,2025-05-31,2025_05_31.csv,ignore,,400.0
POMME GRENA,2.59,540011232460,2025-06-05,2025_06_05.csv,match,POMEGRANATE,400
BIO BOEUF&PORC,3.15,204085,2025-06-05,2025_06_05.csv,ignore,,150
HET TRAGSTE BROOD P,4.9,543000017740,2025-06-05,2025_06_05.csv,match,BREAD,400
AVOCAT,1.89,540011395624,2025-06-05,2025_06_05.csv,match,AVOCADO,
MANGUE,1.99,540011354346,2025-06-05,2025_06_05.csv,match,MANGO,400
MANGUE,1.99,540011354346,2025-06-05,2025_06_05.csv,match,MANGO,400
BIO HOUNMOUS 200G,2.99,540011234720,2025-06-05,2025_06_05.csv,ignore,,200.0
HACHIS BOEUF&PORC,3.22,2040859003225,2025-06-05,2025_06_05.csv,match,BEEF,500
KIWI SUNGOLD XL,5.99,540011357673,2025-06-05,2025_06_05.csv,match,KIWI,700
OIGNON JAUNE GEANT,1.99,540011231841,2025-06-05,2025_06_05.csv,match,ONION,500
"SAN MARZANO 1,650 KG X",4.99,21245,2025-06-05,2025_06_05.csv,ignore,,1650.0
"BIO PDT DOUCE 0,560 KG X",1.56,2337,2025-06-05,2025_06_05.csv,ignore,,560.0
BIOGR MESCUN,1.99,540011236283,2025-06-05,2025_06_05.csv,ignore,,
350G DLL MIEL BIO,2.69,540011371760,2025-06-05,2025_06_05.csv,ignore,,350.0
"FENOUILS 0,485 KG X",1.84,2405,2025-06-05,2025_06_05.csv,ignore,,485.0
"BIO BANANEN 0,560 KG X",2.39,401407169271,2025-06-05,2025_06_05.csv,match,BANANA,560
"VLINDERS 0,655 KG X",2.61,580,2025-06-05,2025_06_05.csv,ignore,,655.0
"COURGETTES 1,525 KG X",4.1,2160,2025-06-05,2025_06_05.csv,match,ZUCCHINI,1525.0
"BIO BANANEN 0,560 KG X",2.59,401407169271,2025-06-05,2025_06_05.csv,match,BANANA,560
CITRON VERT 500G,2.59,540011357545,2025-06-05,2025_06_05.csv,match,LEMON,500.0
"BIO BANANEN 0,560 KG X",2.59,401407169271,2025-06-05,2025_06_05.csv,match,BANANA,560
"POTIRON BUTTERNUT 1,550 KG X",3.08,2165,2025-06-05,2025_06_05.csv,match,BUTTERNUT SQUASH,1550.0
6 SM WRAP TORTILLA,2.99,731131031287,2025-06-12,2025_06_12.csv,match,FLOUR TORTILLA,180
6 SM WRAP TORTILLA,2.99,731131031287,2025-06-12,2025_06_12.csv,match,FLOUR TORTILLA,180
6 SM WRAP TORTILLA,2.99,731131031287,2025-06-12,2025_06_12.csv,match,FLOUR TORTILLA,180
1KG TRESOR MILK,8.45,505008354241,2025-06-12,2025_06_12.csv,match,MILK,1000
1KG TRESOR MILK,8.45,505008354241,2025-06-12,2025_06_12.csv,match,MILK,1000
VIANDE FRAICHE,1.12,,2025-06-15,2025_06_15.csv,match,MEAT,250
SAL BLE EMB 100GR,1.39,540011230202,2025-06-15,2025_06_15.csv,match,SALAD GREENS,100.0
175GR JEUNES POUSS,2.29,540011236163,2025-06-15,2025_06_15.csv,ignore,,175.0
190G THIN ROMARIN,2.39,730040048262,2025-06-15,2025_06_15.csv,match,CRACKER,190.0
190G THIN ROMARIN,2.39,730040048262,2025-06-15,2025_06_15.csv,match,CRACKER,190.0
190G THIN ROMARIN,2.39,730040048262,2025-06-15,2025_06_15.csv,match,CRACKER,190.0
MINI GRENAILLES 50,1.89,540011238013,2025-06-15,2025_06_15.csv,match,POTATO,500
HACHIS PORC-VEAU,5.46,2040843005464,2025-06-15,2025_06_15.csv,match,PORK,500
HACHIS PORC-VEAU,4.98,2040844004985,2025-06-15,2025_06_15.csv,match,PORK,500
HACHIS PORC-VEAU,5.52,2040848005520,2025-06-15,2025_06_15.csv,match,PORK,500
HACHIS PORC-VEAU,5.32,2040846005324,2025-06-15,2025_06_15.csv,match,PORK,500
135G TOAST ORIGINA,2.05,871064912143,2025-06-15,2025_06_15.csv,match,CRACKER,135
HACHIS PORC-VEAU,10.36,2040849010363,2025-06-15,2025_06_15.csv,match,PORK,500
COMTE AOP FINESSE,4.95,350318007601,2025-06-15,2025_06_15.csv,match,COMTE CHEESE,250
MINI GRENAILLES 50,1.89,540011238013,2025-06-15,2025_06_15.csv,match,POTATO,500
MKA 30 MELO CAKES,7.35,762230042488,2025-06-15,2025_06_15.csv,ignore,,
DINOSAURUS CHOCOLA,1.89,541012600400,2025-06-15,2025_06_15.csv,match,COOKIE,200
HET TRAAGSTE BROOD P,4.9,543000017740,2025-06-15,2025_06_15.csv,match,BREAD,400
"POIVRON ROUGE 0,590 KG",3.16,2155,2025-06-15,2025_06_15.csv,match,BELL PEPPER,590
"TOMAAT IN BULK 1,415 KG",2.82,9998,2025-06-15,2025_06_15.csv,match,TOMATO,1415
BIO CAROTTES,2.29,540011239500,2025-06-15,2025_06_15.csv,match,CARROT,1000
ROSBIF,10.69,2040074010695,2025-06-15,2025_06_15.csv,match,BEEF,600
ROSBIF,19.73,2040075019734,2025-06-15,2025_06_15.csv,match,BEEF,600
BIO BANANEN,2.59,401407169271,2025-06-15,2025_06_15.csv,match,BANANA,700
750G NUTELLA,5.15,8017680,2025-06-15,2025_06_15.csv,ignore,,750.0
GUACAMOLE DO 200GR,2.99,540011238853,2025-06-15,2025_06_15.csv,match,GUACAMOLE,200.0
GUACAMOLE DO 200GR,2.99,540011238853,2025-06-15,2025_06_15.csv,match,GUACAMOLE,200.0
450G SKYR FRAISE,2.55,401624104056,2025-06-15,2025_06_15.csv,match,YOGURT,450
450G SKYR FRAISE,2.55,401624104056,2025-06-15,2025_06_15.csv,match,YOGURT,450
450G SKYR FRAISE,2.55,401624104056,2025-06-15,2025_06_15.csv,match,YOGURT,450
450G SKYR NATURE,2.55,401624104055,2025-06-15,2025_06_15.csv,match,YOGURT,450
450G SKYR NATURE,2.55,401624104055,2025-06-15,2025_06_15.csv,match,YOGURT,450
HOUMOUS PIQU 200GR,2.49,540011237142,2025-06-15,2025_06_15.csv,match,HUMMUS,200
200GR HOUMOUS,2.19,540011238642,2025-06-15,2025_06_15.csv,match,HUMMUS,200
200GR HOUMOUS,2.19,540011238642,2025-06-15,2025_06_15.csv,match,HUMMUS,200
200GR HOUMOUS,2.19,540011238642,2025-06-15,2025_06_15.csv,match,HUMMUS,200
165G PR HOT&SPICY,2.09,505399012766,2025-06-15,2025_06_15.csv,match,CRACKER,165
165G PR SWEET PAPR,2.09,505399016241,2025-06-15,2025_06_15.csv,match,CRACKER,165
ESTRAGON BIO,1.49,540011235720,2025-06-15,2025_06_15.csv,match,TARRAGON,30
BOUCH DESS C OR,3.39,762221011776,2025-06-15,2025_06_15.csv,match,CHOCOLATE,200
AVOCAT,1.89,540011956924,2025-06-15,2025_06_15.csv,match,AVOCADO,
AVOCAT,1.89,540011956924,2025-06-15,2025_06_15.csv,match,AVOCADO,
AVOCAT,1.89,540011956924,2025-06-15,2025_06_15.csv,match,AVOCADO,
AVOCAT,1.89,540011956924,2025-06-15,2025_06_15.csv,match,AVOCADO,
"PRUNE 1,060 KG",6.1,2003,2025-06-15,2025_06_15.csv,match,PLUM,1060
BIO CAROTTES,2.29,540011239500,2025-06-15,2025_06_15.csv,match,CARROT,1000
200G NOISETTES BIO,4.89,540011373112,2025-06-15,2025_06_15.csv,match,HAZELNUT,200
FUETEC TRUFFEL,4.49,841084312737,2025-06-15,2025_06_15.csv,match,SALAMI,150
DLH MOZZARELLA 125,1.19,540011245207,2025-06-15,2025_06_15.csv,match,MOZZARELLA CHEESE,125
DLH MOZZARELLA 125,1.19,540011245207,2025-06-15,2025_06_15.csv,match,MOZZARELLA CHEESE,125
DLH MOZZARELLA 125,1.19,540011245207,2025-06-15,2025_06_15.csv,match,MOZZARELLA CHEESE,125
DLH MOZZARELLA 125,1.19,540011245207,2025-06-15,2025_06_15.csv,match,MOZZARELLA CHEESE,125
DLH MOZZARELLA 125,1.19,540011245207,2025-06-15,2025_06_15.csv,match,MOZZARELLA CHEESE,125
DLH MOZZARELLA 125,1.19,540011245207,2025-06-15,2025_06_15.csv,match,MOZZARELLA CHEESE,125
200G DUYVIS CRAC A,1.95,871039801154,2025-06-15,2025_06_15.csv,ignore,,200.0
C.OR BIO NOIR 85%,3.55,762221086961,2025-06-15,2025_06_15.csv,match,CHOCOLATE,90
C.OR BIO NOIR 70%,3.55,762221072451,2025-06-15,2025_06_15.csv,match,CHOCOLATE,90
"APPELEN 0,930 KG",2.5,584,2025-06-15,2025_06_15.csv,match,APPLE,930
MECHELSESTEWEG 207,2.29,40011236163,2025-06-22,2025_06_22.csv,ignore,,
JAMBON DEGRAISSE,3.69,2208132003694,2025-06-22,2025_06_22.csv,match,HAM,200
JAMBON A L'OS AUTH,4.91,2208488004918,2025-06-22,2025_06_22.csv,ignore,,250
FILET DE JAMBON,3.63,2208487,2025-06-22,2025_06_22.csv,ignore,,200
TACO DINN KIT,6.75,73113120027,2025-06-22,2025_06_22.csv,ignore,,
ROSEB,23.59,240047,2025-06-22,2025_06_22.csv,ignore,,
250ML REAL MAYO SQ,2.95,8710604778773,2025-06-22,2025_06_22.csv,match,MAYONNAISE,250
250ML REAL MAYO SQ,2.95,8710604778773,2025-06-22,2025_06_22.csv,match,MAYONNAISE,250
DUN STOKBROOD,1.25,599,2025-06-22,2025_06_22.csv,ignore,,
HET TRAGSTE BROOD P,4.9,543000017740,2025-06-22,2025_06_22.csv,match,BREAD,400
AVOCAT,1.89,540011956924,2025-06-22,2025_06_22.csv,match,AVOCADO,
AVOCAT,1.89,540011956924,2025-06-22,2025_06_22.csv,match,AVOCADO,
AVOCAT,1.89,540011956924,2025-06-22,2025_06_22.csv,match,AVOCADO,
AVOCAT,1.89,540011956924,2025-06-22,2025_06_22.csv,match,AVOCADO,
LINDT EXCELLENCE,2.29,30462002836,2025-06-22,2025_06_22.csv,ignore,,
LINDT EXCELLENCE,2.29,30462002836,2025-06-22,2025_06_22.csv,ignore,,
LINDT EXCELLENCE,2.29,30462002836,2025-06-22,2025_06_22.csv,ignore,,
CARPACCIO,4.29,204356004298,2025-06-22,2025_06_22.csv,match,BEEF,120
CARPACCIO,4.62,204356,2025-06-22,2025_06_22.csv,match,BEEF,120
450G SKYR NATURE,2.55,401624104055,2025-06-22,2025_06_22.csv,match,YOGURT,450
450G SKYR NATURE,2.55,401624104055,2025-06-22,2025_06_22.csv,match,YOGURT,450
MANGUE,1.99,540011954346,2025-06-22,2025_06_22.csv,match,MANGO,400
MANGUE,1.99,540011954346,2025-06-22,2025_06_22.csv,match,MANGO,400
HET TRAGSTE BROOD P,4.9,543000017740,2025-06-22,2025_06_22.csv,match,BREAD,400
BIO CAROTTES,2.29,540011239500,2025-06-22,2025_06_22.csv,match,CARROT,1000
BIO CAROTTES,2.29,540011239500,2025-06-22,2025_06_22.csv,match,CARROT,1000
GAROF MOZZA BUFALINA,3.69,801678400092,2025-06-22,2025_06_22.csv,match,MOZZARELLA CHEESE,125
185G SM NACHO TORTILLA,2.55,731131200807,2025-06-22,2025_06_22.csv,match,FLOUR TORTILLA,185
SAL BLE EMB 100GR,1.39,540011230202,2025-06-22,2025_06_22.csv,match,SALAD GREENS,100.0
SAL BLE EMB 100GR,1.39,540011230202,2025-06-22,2025_06_22.csv,match,SALAD GREENS,100.0
HARICOT PRIN 500GR,2.19,540011231070,2025-06-22,2025_06_22.csv,match,GREEN BEAN,500
HARICOT PRIN 500GR,2.19,540011231070,2025-06-22,2025_06_22.csv,match,GREEN BEAN,500
6X33C CANADA DRY,7.09,312448019735,2025-06-22,2025_06_22.csv,ignore,,
GAROF MOZZA BUFALINA,3.69,801678400092,2025-06-22,2025_06_22.csv,match,MOZZARELLA CHEESE,125
GAROF MOZZA BUFALINA,3.69,801678400092,2025-06-22,2025_06_22.csv,match,MOZZARELLA CHEESE,125
BIO BANANEN,2.59,401407169271,2025-06-22,2025_06_22.csv,match,BANANA,700
KIWI SUNGOLD XL,5.99,540011957673,2025-06-22,2025_06_22.csv,match,KIWI,700
COURGETTES,2.6,"0,365 Kg x 2145",2025-06-22,2025_06_22.csv,match,ZUCCHINI,500
SAN MARZANO,9.03,"1,810 Kg x 2145",2025-06-22,2025_06_22.csv,match,TOMATO,400
APPEL PINK LADY 6P,3.49,541147400141,2025-06-22,2025_06_22.csv,match,APPLE,900
RAISIN MIX 500G,2.89,540011957556,2025-06-22,2025_06_22.csv,match,RAISIN,500.0
CITRONS 500G,1.09,450011958451,2025-06-27,2025_06_27.csv,match,LEMON,500.0
MOZZARELLA 125GR,2.59,4104071629771,2025-06-27,2025_06_27.csv,match,MOZZARELLA CHEESE,125
4X125GR ACTIVIA Y.,3.35,541014641779,2025-06-27,2025_06_27.csv,match,YOGURT,500
GRANA PADANO,4.99,450011958986,2025-06-27,2025_06_27.csv,match,PARMESAN CHEESE,
APPEL PINK LADY 6P,3.49,541147400141,2025-06-27,2025_06_27.csv,match,APPLE,900
APPEL PINK LADY 6P,3.49,541147400141,2025-06-27,2025_06_27.csv,match,APPLE,900
DANONE ACT FRAISES,2.49,541014641777,2025-06-27,2025_06_27.csv,match,YOGURT,500
MOZZARELLA 125GR,1.45,800043013303,2025-06-27,2025_06_27.csv,match,MOZZARELLA CHEESE,125
AVOCAT,1.89,540011956924,2025-06-27,2025_06_27.csv,match,AVOCADO,
AVOCAT,1.89,540011956924,2025-06-27,2025_06_27.csv,match,AVOCADO,
AVOCAT,1.89,540011956924,2025-06-27,2025_06_27.csv,match,AVOCADO,
PENNE RIGATE 500G,2.15,800125012041,2025-06-27,2025_06_27.csv,match,PASTA,500
500G DE CECCO RADI,2.45,800125000365,2025-06-27,2025_06_27.csv,match,PASTA,500
MOZZARELLA 125GR,1.45,800043013303,2025-06-27,2025_06_27.csv,match,MOZZARELLA CHEESE,125
ORANGE,3.29,540011234632,2025-06-27,2025_06_27.csv,match,ORANGE,200
PENNE RIGATE 500G,2.15,800125012041,2025-06-27,2025_06_27.csv,match,PASTA,500
500G DE CECCO RADI,2.45,800125000365,2025-06-27,2025_06_27.csv,match,PASTA,500
PENNE RIGATE 500G,2.15,800125012041,2025-06-27,2025_06_27.csv,match,PASTA,500
500G MACCHERONI,2.79,800125012114,2025-06-27,2025_06_27.csv,match,PASTA,500
500G DE CECCO RADI,2.45,800125000365,2025-06-27,2025_06_27.csv,match,PASTA,500
500G MACCHERONI,2.79,800125012114,2025-06-27,2025_06_27.csv,match,PASTA,500
KIWI SUNGOLD XL,5.99,540011957673,2025-06-27,2025_06_27.csv,match,KIWI,700
NECTARINE JAUNE,7.61,"1,270 Kg x 5,99/ Kg",2025-06-27,2025_06_27.csv,match,NECTARINE,600
16+,11.25,33CL LEFFE BL 6+3,2025-06-27,2025_06_27.csv,ignore,,
VIDAVAL VAL 1.2E,1.2,217000000037,2025-06-27,2025_06_27.csv,ignore,,
CAROTTES BIO,2.29,540011239500,2025-07-05,2025_07_05.csv,match,CARROT,500
CAROTTES BIO,2.29,540011239500,2025-07-05,2025_07_05.csv,match,CARROT,500
250G DLL MYRTILLES,1.55,540011374333,2025-07-05,2025_07_05.csv,ignore,,250.0
6X55ML MAGNUM ALMO,3.99,8711327611192,2025-07-05,2025_07_05.csv,match,ICE CREAM,330
250G DLL FRAMBOISE,2.99,540011360980,2025-07-05,2025_07_05.csv,ignore,,250.0
250G DLL FRAISES,1.99,540011360986,2025-07-05,2025_07_05.csv,match,STRAWBERRY,250
450G DLL POIS BIOL,1.29,54001127155,2025-07-05,2025_07_05.csv,match,PEA,450
6X55ML MAGNUM ALMO,3.99,8711327611192,2025-07-05,2025_07_05.csv,match,ICE CREAM,330
250G DLL TORI RIC,2.49,540011957532,2025-07-05,2025_07_05.csv,match,TORTELLINI,250
250G DLL TORI RIC,2.49,540011957532,2025-07-05,2025_07_05.csv,match,TORTELLINI,250
250G DLL TORRICOLO TOM,2.49,540011957537,2025-07-05,2025_07_05.csv,match,TOMATO,250.0
250G TORRICOLO TOM,2.49,540011957537,2025-07-05,2025_07_05.csv,match,TOMATO,250
190G THIN ROMARIN,2.39,730040048262,2025-07-05,2025_07_05.csv,match,CRACKER,190.0
190G THIN ROMARIN,2.39,730040048262,2025-07-05,2025_07_05.csv,match,CRACKER,190.0
POIVRON ROUGE,2.11,2155,2025-07-05,2025_07_05.csv,ignore,,
6X33CL HOEG 0.0 CA,8.69,540031907142,2025-07-16,2025_07_16.csv,ignore,,1980.0
6X33CL HOEG 0.0 CA,8.69,540031907142,2025-07-16,2025_07_16.csv,ignore,,1980.0
6X33CL HOEG 0.0 CA,8.69,540031907142,2025-07-16,2025_07_16.csv,ignore,,1980.0
6X25CL APPLETISER,8.29,540011957537,2025-07-16,2025_07_16.csv,ignore,,1500.0
6X33CL CANADA DRY,7.09,312448019735,2025-07-16,2025_07_16.csv,ignore,,1980.0
HET TRAAGSTE BROOD P,4.9,543000017740,2025-07-16,2025_07_16.csv,match,BREAD,400
BM 335C RHUBARBE,5.29,360858004773,2025-07-16,2025_07_16.csv,ignore,,
BM 335C FRAMBOISE,4.29,360858091669,2025-07-16,2025_07_16.csv,ignore,,500
NECTARINE JAUNE,5.57,2217,2025-07-16,2025_07_16.csv,match,NECTARINE,600
250G TORTELLO TOM,2.49,540011957537,2025-07-16,2025_07_16.csv,match,TORTELLINI,250.0
250G TORTELLO TOM,2.49,540011957537,2025-07-16,2025_07_16.csv,match,TORTELLINI,250.0
6X25CL CRISTAL ORI,4.39,541026392525,2025-07-16,2025_07_16.csv,ignore,,1500.0
VIDANGE VAL 0.6E,0.6,21700000081,2025-07-16,2025_07_16.csv,ignore,,
6X25CL CRISTAL ORI,4.39,541026392525,2025-07-16,2025_07_16.csv,ignore,,1500.0
VIDANGE VAL 0.6E,0.6,21700000081,2025-07-16,2025_07_16.csv,ignore,,
CARLIS BEURRE FT D,5.05,541115603113,2025-07-16,2025_07_16.csv,match,BUTTER,600
CARLIS BEURRE SALE,5.05,541115600047,2025-07-16,2025_07_16.csv,match,BUTTER,600
200G DUYVIS CRAAC A,1.95,871039850240,2025-07-16,2025_07_16.csv,ignore,,200.0
190G THIN ROMARIN,2.39,730040048262,2025-07-16,2025_07_16.csv,match,CRACKER,190.0
190G THIN ROMARIN,2.39,730040048262,2025-07-16,2025_07_16.csv,match,CRACKER,190.0
TORTILLA BIO,1.89,540011376540,2025-07-16,2025_07_16.csv,match,TORTILLA,
PASTEQUE MINI,5.19,541094543248,2025-07-16,2025_07_16.csv,match,WATERMELON,2000
750G DLL PATE NOI,4.05,540011374945,2025-07-16,2025_07_16.csv,ignore,,750.0
COLUMBUS OEUFS 6PC,3.85,541094600046,2025-07-16,2025_07_16.csv,match,EGG,360
COLUMBUS OEUFS 6PC,3.85,541094600046,2025-07-16,2025_07_16.csv,match,EGG,360
125G HUGLES PAPRIK,1.69,871039850240,2025-07-16,2025_07_16.csv,ignore,,125.0
APPEL PINK LADY 6P,3.49,541147400141,2025-07-16,2025_07_16.csv,match,APPLE,900
APPEL PINK LADY 6P,3.49,541147400141,2025-07-16,2025_07_16.csv,match,APPLE,900
MEL. JEUNES POUSSE,0.89,540011230780,2025-07-16,2025_07_16.csv,ignore,,
SAL BLE EMB 100GR,1.39,540011230202,2025-07-16,2025_07_16.csv,match,SALAD GREENS,100.0
175GR JEUNES POUSSE,2.29,540011236163,2025-07-16,2025_07_16.csv,ignore,,175.0
125G DLL CASSAVE,1.19,540011368464,2025-07-16,2025_07_16.csv,match,CASSAVA,125
HACHIS PORC-VEAU,5.63,204084,2025-07-16,2025_07_16.csv,match,PORK,500
HACHIS PORC-VEAU,5.09,204084,2025-07-16,2025_07_16.csv,match,PORK,500
HACHIS PORC-VEAU,5.41,204084,2025-07-16,2025_07_16.csv,match,PORK,500
HACHIS PORC-VEAU,5.27,204084,2025-07-16,2025_07_16.csv,match,PORK,500
NECTARINE JAUNE,6.64,2217,2025-07-22,2025_07_22.csv,match,NECTARINE,600
SANPELLEGRINO,5.28,8002470044683,2025-07-22,2025_07_22.csv,ignore,,
PEL PINK LADY 6P,3.49,5411474001411,2025-07-22,2025_07_22.csv,match,APPLE,900
MOZZA SX10,3.49,8000430135777,2025-07-22,2025_07_22.csv,match,MOZZARELLA CHEESE,125
MOZZA BUFALINA,3.69,801678400092,2025-07-22,2025_07_22.csv,match,MOZZARELLA CHEESE,125
ROZZA BUFALINA,3.69,801678400092,2025-07-22,2025_07_22.csv,ignore,,
CAROTTES,2.29,800011239500,2025-07-22,2025_07_22.csv,ignore,,1500
HACHIS PORC-VEAU,4.94,204084,2025-07-22,2025_07_22.csv,match,PORK,500
HACHIS PORC-VEAU,5.23,204084,2025-07-22,2025_07_22.csv,match,PORK,500
HACHIS PORC-VEAU,5.27,204084,2025-07-22,2025_07_22.csv,match,PORK,500
FILET DE POULET,9.95,2208572003959,2025-07-22,2025_07_22.csv,match,CHICKEN,1250
BANANES,3.11,2004,2025-07-22,2025_07_22.csv,match,BANANA,700
CERISE 1KG,6.49,540011957582,2025-07-22,2025_07_22.csv,match,CHERRY,1000
WRAPS DE BLE,1.49,540011958095,2025-07-22,2025_07_22.csv,match,FLOUR TORTILLA,120
POMME DUCHESSE,1.59,540011375696,2025-07-22,2025_07_22.csv,ignore,,750
POMME DUCHESSE,1.59,540011375696,2025-07-22,2025_07_22.csv,ignore,,750
SCHWEPPES TON,2.89,312440019636,2025-07-22,2025_07_22.csv,ignore,,
CARPACCIO,6.3,204356000305,2025-07-22,2025_07_22.csv,match,BEEF,120
CARPACCIO,5.25,204356,2025-07-22,2025_07_22.csv,match,BEEF,120
AVOCAT,1.89,540011956924,2025-07-22,2025_07_22.csv,match,AVOCADO,
AVOCAT,1.89,540011956924,2025-07-22,2025_07_22.csv,match,AVOCADO,
AVOCAT,1.89,540011956924,2025-07-22,2025_07_22.csv,match,AVOCADO,
GUACAMOLE DO 200GR,2.99,540011238553,2025-07-22,2025_07_22.csv,match,GUACAMOLE,200.0
RAISIN MIX 500G,2.89,540011238553,2025-07-22,2025_07_22.csv,match,RAISIN,500.0
EGGS 6PC,3.85,541094600046,2025-07-22,2025_07_22.csv,ignore,,360.0
OEUFS 6PC,3.85,541094600046,2025-07-22,2025_07_22.csv,ignore,,360.0
TOAST ORIGINA,2.05,87164912143,2025-07-22,2025_07_22.csv,ignore,,
SPRITAIT FRAI,0.59,540011211270,2025-07-22,2025_07_22.csv,ignore,,
BLE EMB 100GR,1.39,540011230202,2025-07-22,2025_07_22.csv,ignore,,100.0
MESCLUN,1.99,540011236283,2025-07-22,2025_07_22.csv,match,SALAD GREENS,125
PADANO,4.99,540011958096,2025-07-22,2025_07_22.csv,match,PARMESAN CHEESE,
PROTEIN DR FRAI,2.55,871816673818,2025-07-22,2025_07_22.csv,ignore,,
PROTEIN DR FRAI,2.55,871816673818,2025-07-22,2025_07_22.csv,ignore,,
MESCLUN,1.99,540011236283,2025-07-22,2025_07_22.csv,match,SALAD GREENS,125
TORTELLO TOM,2.49,540011957537,2025-07-22,2025_07_22.csv,match,TORTELLINI,
TORTELLO TOM,2.49,540011957537,2025-07-22,2025_07_22.csv,match,TORTELLINI,
MULIGRAINS BUN,2.49,5502410524,2025-07-22,2025_07_22.csv,ignore,,
HUMOUS MAXI,2.99,540011951991,2025-07-22,2025_07_22.csv,ignore,,
HUMOUS,2.19,540011238642,2025-07-22,2025_07_22.csv,ignore,,
6X1.25L BRU LEGPET,6.05,93,2025-08-14,2025_08_14.csv,match,WATER,7500
6X33C CANADA DRY,7.09,312448019735,2025-08-14,2025_08_14.csv,ignore,,
RAISIN MIX 500G,2.79,540011957956,2025-08-14,2025_08_14.csv,match,RAISIN,500.0
JAMBON DEGRAISSE,3.95,2208132003953,2025-08-14,2025_08_14.csv,match,HAM,200
CIBOULETTE 20GR,1.49,540011230720,2025-08-14,2025_08_14.csv,match,CHIVE,20
JAMBON DEGRAISSE,3.9,2208132003908,2025-08-14,2025_08_14.csv,match,HAM,200
JAMBON DEGRAISSE,3.9,2208132003908,2025-08-14,2025_08_14.csv,match,HAM,200
HET TRAAGSTE BROOD P,4.9,543000017740,2025-08-14,2025_08_14.csv,match,BREAD,400
GUACAMOLE DO 200GR,2.99,540011238853,2025-08-14,2025_08_14.csv,match,GUACAMOLE,200.0
GUACAMOLE DO 200GR,2.99,540011238853,2025-08-14,2025_08_14.csv,match,GUACAMOLE,200.0
400G HOUMOUS MAXI,2.99,540011951991,2025-08-14,2025_08_14.csv,match,HUMMUS,400
400G HOUMOUS MAXI,2.99,540011951991,2025-08-14,2025_08_14.csv,match,HUMMUS,400
100GR JEUNES POUSS,1.19,540011236373,2025-08-14,2025_08_14.csv,match,SALAD GREENS,100
100GR JEUNES POUSS,1.19,540011236373,2025-08-14,2025_08_14.csv,match,SALAD GREENS,100
100GR JEUNES POUSS,1.19,540011236373,2025-08-14,2025_08_14.csv,match,SALAD GREENS,100
"NECTARINE JAUNE 1,400 KG",7.69,2217,2025-08-14,2025_08_14.csv,match,NECTARINE,1400
SAUMON ATL FUME DL,4.99,540060135958,2025-08-14,2025_08_14.csv,match,SMOKED SALMON,150
FILET PUR DE PORC,7.52,2040746007527,2025-08-14,2025_08_14.csv,match,PORK,300
ROSBIF,25.44,2040075025445,2025-08-14,2025_08_14.csv,match,BEEF,600
4 BOUCHEE REINE,3.89,540011960003,2025-08-14,2025_08_14.csv,match,PUFF PASTRY,120
SAUM FUM CHAU ANET,5.29,540011959150,2025-08-14,2025_08_14.csv,match,SALMON,100
MULTIGRAINS BUN,2.49,590262095218,2025-08-14,2025_08_14.csv,match,BREAD,300
HACHIS PORC-VEAU,5.41,2040845005417,2025-08-14,2025_08_14.csv,match,PORK,500
HACHIS PORC-VEAU,5.76,2040844005760,2025-08-14,2025_08_14.csv,match,PORK,500
BURGER LIMOUSIN,5.75,540011960556,2025-08-14,2025_08_14.csv,match,BEEF,200
HET TRAAGSTE BROOD P,4.9,543000017740,2025-08-14,2025_08_14.csv,match,BREAD,400
COLUMBUS OEUFS 6PC,3.85,541094600046,2025-08-14,2025_08_14.csv,match,EGG,360
COLUMBUS OEUFS 6PC,3.85,541094600046,2025-08-14,2025_08_14.csv,match,EGG,360
DLL CREME 35% 25CL,1.25,540011958917,2025-08-14,2025_08_14.csv,match,CREAM,250
DLL CREME 35% 25CL,1.25,540011958917,2025-08-14,2025_08_14.csv,match,CREAM,250
DLL GRENADE,1.99,540011366901,2025-08-14,2025_08_14.csv,match,POMEGRANATE,300
AVOCAT 5X,9.45,540011956924,2025-08-14,2025_08_14.csv,match,AVOCADO,850
CAROTTES BIO,2.29,540011239500,2025-08-14,2025_08_14.csv,match,CARROT,500
HET TRAAGSTE BROOD P,4.9,543000017740,2025-08-14,2025_08_14.csv,match,BREAD,400
HET TRAAGSTE BROOD P,4.9,543000017740,2025-08-14,2025_08_14.csv,match,BREAD,400
"CHIQUITA C BANANES 1,550 KG",3.86,2004,2025-08-14,2025_08_14.csv,match,BANANA,1550
EPINARDS LAVES 400,2.99,540011959041,2025-08-14,2025_08_14.csv,match,SPINACH,400
APPEL PINK LADY 6P,3.49,541147400141,2025-08-14,2025_08_14.csv,match,APPLE,900
CAROTTES BIO,2.29,540011239500,2025-08-14,2025_08_14.csv,match,CARROT,500
APPEL PINK LADY 6P,3.49,541147400141,2025-08-14,2025_08_14.csv,match,APPLE,900
12X15C COCA COLA R,7.19,544900003422,2025-08-14,2025_08_14.csv,match,COLA,1800
LINDT EXCELLENCE,2.55,304692002836,2025-08-19,2025_08_19.csv,ignore,,
LINDT EXCELLENCE,2.55,304692002836,2025-08-19,2025_08_19.csv,ignore,,
LINDT EXCELLENCE,2.55,304692002836,2025-08-19,2025_08_19.csv,ignore,,
LINDT EXCELLENCE,2.55,304692002836,2025-08-19,2025_08_19.csv,ignore,,
LINDT EXCELLENCE,2.55,304692002836,2025-08-19,2025_08_19.csv,ignore,,
RAVIOLI POMODORI,3.95,800102011418,2025-08-19,2025_08_19.csv,match,RAVIOLI,
RAVIOLI POMODORI,3.95,800102011418,2025-08-19,2025_08_19.csv,match,RAVIOLI,
GERLINEA CAFE FRAP,3.09,317568101573,2025-08-19,2025_08_19.csv,match,MILK,700
GERLINEA CAFE FRAP,3.09,317568101573,2025-08-19,2025_08_19.csv,match,MILK,700
GERLINEA CAFE FRAP,3.09,317568101573,2025-08-19,2025_08_19.csv,match,MILK,700
GERLINEA CAFE FRAP,3.09,317568101573,2025-08-19,2025_08_19.csv,match,MILK,700
DLL GRENADE,1.99,540011366901,2025-08-19,2025_08_19.csv,match,POMEGRANATE,300
250G DLL FR DE BOI,2.69,540011370278,2025-08-19,2025_08_19.csv,match,BERRY,250
250G DLL MYRTILLES,1.79,540011373933,2025-08-19,2025_08_19.csv,ignore,,250.0
ACTIV 4X125 0% FRA,3.25,541014641923,2025-08-19,2025_08_19.csv,ignore,,
ACTIV 4X125 0% FRA,3.25,541014641923,2025-08-19,2025_08_19.csv,ignore,,
MOZZARELLA 125,0.8,540060135955,2025-08-19,2025_08_19.csv,match,MOZZARELLA CHEESE,125
MOZZARELLA 125,0.8,540060135955,2025-08-19,2025_08_19.csv,match,MOZZARELLA CHEESE,125
SAC PAIN BIO,3.35,540011181901,2025-08-19,2025_08_19.csv,match,BREAD,800
TEXTILE/NON FOOD,4.69,,2025-08-19,2025_08_19.csv,ignore,,
MOZZARELLA 125,0.8,540060135955,2025-08-19,2025_08_19.csv,match,MOZZARELLA CHEESE,125
MOZZARELLA 125,0.8,540060135955,2025-08-19,2025_08_19.csv,match,MOZZARELLA CHEESE,125
SAUMON BELLE-VUE,5.99,540011959141,2025-08-19,2025_08_19.csv,match,SALMON,150
SAUMON ATL FUME DL,4.99,540060135958,2025-08-19,2025_08_19.csv,match,SMOKED SALMON,150
"CHIQUITA C BANANES 1,186 KG",3.31,2004,2025-08-19,2025_08_19.csv,match,BANANA,1186
RAISIN ROUGE SA PE,2.59,540011233672,2025-08-19,2025_08_19.csv,match,RAISIN,
"ORANGES PAPILLON 0,266 KG",1.14,2127,2025-08-19,2025_08_19.csv,match,ORANGE,266
"NECTARINE JAUNE 1,316 KG",7.36,2217,2025-08-19,2025_08_19.csv,match,NECTARINE,1316
"SAN MARZANO 0,936 KG",3.92,2145,2025-08-19,2025_08_19.csv,match,TOMATO,936
AVOCAT 5X,7.25,540011956924,2025-08-19,2025_08_19.csv,match,AVOCADO,850
200GR HOUMOUS,2.19,540011238642,2025-08-19,2025_08_19.csv,match,HUMMUS,200
450G SKYR NATURE,2.55,401624104055,2025-08-19,2025_08_19.csv,match,YOGURT,450
450G SKYR NATURE,2.55,401624104055,2025-08-19,2025_08_19.csv,match,YOGURT,450
6PC POMME ROYAL GA,2.89,540011960133,2025-08-19,2025_08_19.csv,match,APPLE,900
6PC POMME ROYAL GA,2.89,540011960133,2025-08-19,2025_08_19.csv,match,APPLE,900
NOISETTES D AGNEAU,12.19,2048856012196,2025-08-20,2025_08_20.csv,match,LAMB,200
NOISETTES D AGNEAU,7.15,2048853007157,2025-08-20,2025_08_20.csv,match,LAMB,200
NOISETTES D AGNEAU,6.96,2048855006967,2025-08-20,2025_08_20.csv,match,LAMB,200
CARPACCIO,5.37,2043564005379,2025-08-20,2025_08_20.csv,match,BEEF,120
CARPACCIO,5.33,2043561005334,2025-08-20,2025_08_20.csv,match,BEEF,120
CARPACCIO,5.44,2043566005445,2025-08-20,2025_08_20.csv,match,BEEF,120
"BIO PDT DOUCE 0,515 KG",1.44,2337,2025-08-20,2025_08_20.csv,match,SWEET POTATO,515
HET TRAAGSTE BROOD P,4.9,543000017740,2025-08-20,2025_08_20.csv,match,BREAD,400
SALAMI TRUFFES PAR,3.49,540011957806,2025-08-20,2025_08_20.csv,match,SALAMI,
SALAMI TRUFFES PAR,3.49,540011957806,2025-08-20,2025_08_20.csv,match,SALAMI,
GUACAMOLE DO 200GR,2.99,540011238853,2025-08-20,2025_08_20.csv,match,GUACAMOLE,200.0
GUACAMOLE DO 200GR,2.99,540011238853,2025-08-20,2025_08_20.csv,match,GUACAMOLE,200.0
GUACAMOLE DO 200GR,2.99,540011238853,2025-08-20,2025_08_20.csv,match,GUACAMOLE,200.0
SALAMI TRUFFES PAR,3.49,540011957806,2025-08-20,2025_08_20.csv,match,SALAMI,
BURGER ANGUS,5.75,540011960558,2025-08-20,2025_08_20.csv,match,BEEF,200
SAL BLE EMB 100GR,1.39,540011230202,2025-08-20,2025_08_20.csv,match,SALAD GREENS,100.0
100GR JEUNES POUSS,1.19,540011236373,2025-08-20,2025_08_20.csv,match,SALAD GREENS,100
GAROF MOZZA BUFA D,3.69,801678400092,2025-08-20,2025_08_20.csv,match,MOZZARELLA CHEESE,125
GAROF MOZZA BUFA D,3.69,801678400092,2025-08-20,2025_08_20.csv,match,MOZZARELLA CHEESE,125
OLIVE DENOYA 130G,2.69,540011957834,2025-08-20,2025_08_20.csv,ignore,,130.0
OLIVE DENOYA 130G,2.69,540011957834,2025-08-20,2025_08_20.csv,ignore,,130.0
OLIVE DENOYA 130G,2.69,540011957834,2025-08-20,2025_08_20.csv,ignore,,130.0
200GR HOUMOUS,2.19,540011238642,2025-08-20,2025_08_20.csv,match,HUMMUS,200
GAROF MOZZA BUFA D,3.69,801678400092,2025-08-20,2025_08_20.csv,match,MOZZARELLA CHEESE,125
GAROF MOZZA BUFA D,3.69,801678400092,2025-08-20,2025_08_20.csv,match,MOZZARELLA CHEESE,125
175GR JEUNES POUSS,2.29,540011236163,2025-08-20,2025_08_20.csv,ignore,,175.0
SAL BLE EMB 100GR,1.39,540011230202,2025-08-20,2025_08_20.csv,match,SALAD GREENS,100.0
125GR MESCLUN,1.99,540011236283,2025-08-20,2025_08_20.csv,match,SALAD GREENS,125
200GR HOUMOUS,2.19,540011238642,2025-08-20,2025_08_20.csv,match,HUMMUS,200
200GR HOUMOUS,2.19,540011238642,2025-08-20,2025_08_20.csv,match,HUMMUS,200
RAISIN MIX 500G,2.79,540011957956,2025-08-20,2025_08_20.csv,match,RAISIN,500.0
125GR MESCLUN,1.99,540011236283,2025-08-20,2025_08_20.csv,match,SALAD GREENS,125
B&J BROOKIES CREAM,6.99,871132766648,2025-08-20,2025_08_20.csv,match,ICE CREAM,465
RAISIN MIX 500G,2.79,540011957956,2025-08-20,2025_08_20.csv,match,RAISIN,500.0
RAISIN MIX 500G,2.79,540011957956,2025-08-20,2025_08_20.csv,match,RAISIN,500.0
"PRIMEUR POMME DT 1,485 KG",3.7,2348,2025-08-20,2025_08_20.csv,match,POTATO,1485
TOMATE CERISE GRAP,4.29,540011958191,2025-08-20,2025_08_20.csv,match,TOMATO,
CAROTTES BIO,2.29,540011239500,2025-08-29,2025_08_29.csv,match,CARROT,500
CARPACCIO,5.44,2043566005445,2025-08-29,2025_08_29.csv,match,BEEF,120
CARPACCIO,5.64,2043568005641,2025-08-29,2025_08_29.csv,match,BEEF,120
250G TORTELLO TOM,2.49,540011758830,2025-08-29,2025_08_29.csv,match,TORTELLINI,250.0
TORTELLONI BASILI,2.49,540011957533,2025-08-29,2025_08_29.csv,match,TORTELLINI,250
TORTELLONI BASILI,2.49,540011957533,2025-08-29,2025_08_29.csv,match,TORTELLINI,250
250G DLL TORT RIC,2.49,540011758881,2025-08-29,2025_08_29.csv,match,TORTELLINI,250
250G DLL TORT RIC,2.49,540011758881,2025-08-29,2025_08_29.csv,match,TORTELLINI,250
250G TORTELLO TOM,2.49,540011758830,2025-08-29,2025_08_29.csv,match,TORTELLINI,250.0
CAROTTES BIO,2.29,540011239500,2025-08-29,2025_08_29.csv,match,CARROT,500
TORTELLONI BASILI,2.49,540011957533,2025-08-29,2025_08_29.csv,match,TORTELLINI,250
TORTELLONI BASILI,2.49,540011957533,2025-08-29,2025_08_29.csv,match,TORTELLINI,250
FILET PUR DE PORC,8.0,2040743008008,2025-08-29,2025_08_29.csv,match,PORK,300
FILET PUR DE PORC,7.43,2040740007431,2025-08-29,2025_08_29.csv,match,PORK,300
185G LAYS NATUREL,2.05,871039852408,2025-08-29,2025_08_29.csv,ignore,,185
HACHIS PORC-VEAU,9.84,2040846009841,2025-08-29,2025_08_29.csv,match,PORK,500
HACHIS PORC-VEAU,10.51,2040842010513,2025-08-29,2025_08_29.csv,match,PORK,500
185G LAYS NATUREL,2.05,871039852408,2025-08-29,2025_08_29.csv,ignore,,185
HACHIS PORC-VEAU,5.94,2040840005948,2025-08-29,2025_08_29.csv,match,PORK,500
HACHIS PORC-VEAU,5.66,2040845005660,2025-08-29,2025_08_29.csv,match,PORK,500
HACHIS PORC-VEAU,5.57,2040846005577,2025-08-29,2025_08_29.csv,match,PORK,500
HACHIS PORC-VEAU,5.55,2040849005550,2025-08-29,2025_08_29.csv,match,PORK,500
HACHIS PORC-VEAU,5.37,2040844005371,2025-08-29,2025_08_29.csv,match,PORK,500
185G LAYS NATUREL,2.05,871039852408,2025-08-29,2025_08_29.csv,ignore,,185
200GR GUACAMOLE EP,3.09,540011238854,2025-08-29,2025_08_29.csv,match,GUACAMOLE,200.0
200GR GUACAMOLE EP,3.09,540011238854,2025-08-29,2025_08_29.csv,match,GUACAMOLE,200.0
200GR HOUMOUS,2.19,540011238642,2025-08-29,2025_08_29.csv,match,HUMMUS,200
200GR HOUMOUS,2.19,540011238642,2025-08-29,2025_08_29.csv,match,HUMMUS,200
200GR HOUMOUS,2.19,540011238642,2025-08-29,2025_08_29.csv,match,HUMMUS,200
PECORINO ROMANO AO,4.99,540011956274,2025-08-29,2025_08_29.csv,match,ROMANO CHEESE,
DLL POMODORO MASCA,2.49,540011956567,2025-08-29,2025_08_29.csv,match,MARINARA SAUCE,350
CIBOULETTE 20GR,1.49,540011230720,2025-08-29,2025_08_29.csv,match,CHIVE,20
HACHIS PORC-VEAU,5.45,2040848005452,2025-08-29,2025_08_29.csv,match,PORK,500
DLL SAUCE 5 FROMAG,2.49,540011956563,2025-08-29,2025_08_29.csv,match,ALFREDO SAUCE,350
250G DLL TOA CHEST,1.79,540011216410,2025-08-29,2025_08_29.csv,match,BREAD,250
DLL YA MAIG NAT 8X,1.29,540011958876,2025-08-29,2025_08_29.csv,match,YOGURT,800
SAL BLE EMB 100GR,1.39,540011230202,2025-08-29,2025_08_29.csv,match,SALAD GREENS,100.0
SAL BLE EMB 100GR,1.39,540011230202,2025-08-29,2025_08_29.csv,match,SALAD GREENS,100.0
"PRIMEUR POMME DT 1,470 KG",3.66,2348,2025-08-29,2025_08_29.csv,match,POTATO,1470
175GR JEUNES POUSS,2.29,540011236163,2025-08-29,2025_08_29.csv,ignore,,175.0
PESTO VERT 100G,2.99,540011956440,2025-08-29,2025_08_29.csv,match,PESTO,100.0
DIKKE PREI BUSSEL,4.35,542500984100,2025-08-29,2025_08_29.csv,ignore,,
DIKKE PREI BUSSEL,4.35,542500984100,2025-08-29,2025_08_29.csv,ignore,,
175GR JEUNES POUSS,2.29,540011236163,2025-08-29,2025_08_29.csv,ignore,,175.0
DOUBLE LAIT C OR,2.99,762240001045,2025-08-29,2025_08_29.csv,match,MILK CHOCOLATE,200
DOUBLE LAIT C OR,2.99,762240001045,2025-08-29,2025_08_29.csv,match,MILK CHOCOLATE,200
LIEGEOIS GOUT CAFE,2.59,540011215660,2025-08-29,2025_08_29.csv,match,COFFEE,
LIEGEOIS GOUT CAFE,2.59,540011215660,2025-08-29,2025_08_29.csv,match,COFFEE,
"BIO PDT DOUCE 1,180 KG",3.29,2337,2025-08-29,2025_08_29.csv,match,SWEET POTATO,1180
450G SKYR FRAISE,2.55,401624104056,2025-08-29,2025_08_29.csv,match,YOGURT,450
450G SKYR NATURE,2.55,401624104055,2025-08-29,2025_08_29.csv,match,YOGURT,450
400G NUTELLA,3.39,301762042200,2025-08-29,2025_08_29.csv,match,CHOCOLATE HAZELNUT SPREAD,400
450G SKYR FRAISE,2.55,401624104056,2025-08-29,2025_08_29.csv,match,YOGURT,450
400G NUTELLA,3.39,301762042200,2025-08-29,2025_08_29.csv,match,CHOCOLATE HAZELNUT SPREAD,400
450G SKYR NATURE,2.55,401624104055,2025-08-29,2025_08_29.csv,match,YOGURT,450
450G SKYR NATURE,2.55,401624104055,2025-08-29,2025_08_29.csv,match,YOGURT,450
245G POPPY & SSALT,2.85,730040048279,2025-10-15,2025_10_15.csv,match,CRACKER,245
CAROTTES BIO,2.29,540011239500,2025-10-15,2025_10_15.csv,match,CARROT,500
JAMBON A L OS AUTH,4.84,2200629,2025-10-15,2025_10_15.csv,match,HAM,250
JAMBON A L OS AUTH,4.84,2200629,2025-10-15,2025_10_15.csv,match,HAM,250
JAMBON A L OS AUTH,4.87,2200629,2025-10-15,2025_10_15.csv,match,HAM,250
JAMBON A L OS AUTH,4.84,2200629,2025-10-15,2025_10_15.csv,match,HAM,250
JAMBON A L OS AUTH,4.87,2200629,2025-10-15,2025_10_15.csv,match,HAM,250
JAMBON A L OS AUTH,4.87,2200629,2025-10-15,2025_10_15.csv,match,HAM,250
HET TRAAGSTE BROOD,4.4,543000017739,2025-10-15,2025_10_15.csv,match,BREAD,
500G CRUNCHY CHOCO,6.65,543000099233,2025-10-15,2025_10_15.csv,match,CEREAL,500
DRAAGTAS,0.95,501520032506,2025-10-15,2025_10_15.csv,ignore,,
DRAAGTAS,0.95,501520032506,2025-10-15,2025_10_15.csv,ignore,,
GAZPACHO 1L,5.49,842217401002,2025-10-15,2025_10_15.csv,match,VEGETABLE JUICE,1000
HOUMOUS NATURE BIO,2.69,540011962081,2025-10-15,2025_10_15.csv,match,HUMMUS,200
HOUMOUS NATURE BIO,2.69,540011962081,2025-10-15,2025_10_15.csv,match,HUMMUS,200
ACTIVIA YOG ENT NA,3.45,541014641600,2025-10-15,2025_10_15.csv,match,YOGURT,150
135G TOAST ROMARIN,1.99,871064912144,2025-10-15,2025_10_15.csv,match,CRACKER,135
BIO BANANEN,2.59,401407169271,2025-10-15,2025_10_15.csv,match,BANANA,700
"BIO GINGEMBRE 0,235 KG",1.83,2156,2025-10-15,2025_10_15.csv,match,GINGER,235
"MANDARINE PAPILLON 0,760 KG",2.65,2395,2025-10-15,2025_10_15.csv,match,TANGERINE,760
LINDT EXCELLENCE,2.45,304692002836,2025-10-15,2025_10_15.csv,ignore,,
450G SKYR NATURE,2.55,401624104055,2025-10-15,2025_10_15.csv,match,YOGURT,450
HET TRAAGSTE BROOD P,4.9,543000017740,2025-10-15,2025_10_15.csv,match,BREAD,400
POMELO,3.55,683246697189,2025-10-15,2025_10_15.csv,ignore,,
LINDT EXCELLENCE,2.45,304692002836,2025-10-15,2025_10_15.csv,ignore,,
510G HARRYS MAXI B,3.49,322885700035,2025-10-15,2025_10_15.csv,match,BRIOCHE,510
500G PUREE DE CARO,3.89,540011756467,2025-10-15,2025_10_15.csv,match,VEGETABLE PUREE,500
SAUMON BELLE-VUE,5.99,540011959141,2025-10-15,2025_10_15.csv,match,SALMON,150
CONF.NOSTALGIE MA,4.65,541004600052,2025-10-15,2025_10_15.csv,ignore,,
325G PATE CACAH CR,4.19,360858012544,2025-10-15,2025_10_15.csv,match,PEANUT BUTTER,325
COLUMBUS OEUFS 6PC,3.85,541094600046,2025-10-15,2025_10_15.csv,match,EGG,360
CONF.NOSTALGIE MA,2.69,541004600050,2025-10-15,2025_10_15.csv,ignore,,
450G SKYR NATURE,2.55,401624104055,2025-10-15,2025_10_15.csv,match,YOGURT,450
"CHIQUITA C BANANES 0,510 KG",1.27,2004,2025-10-15,2025_10_15.csv,match,BANANA,510
CONF.NOSTALGIE,4.39,541004600860,2025-10-15,2025_10_15.csv,match,JAM,300
COLUMBUS OEUFS 6PC,3.85,541094600046,2025-10-15,2025_10_15.csv,match,EGG,360
CARPACCIO,5.5,204356,2025-10-15,2025_10_15.csv,match,BEEF,120
CARPACCIO,5.98,204356,2025-10-15,2025_10_15.csv,match,BEEF,120
HACHIS PORC-VEAU,10.47,204084,2025-10-15,2025_10_15.csv,match,PORK,500
HACHIS PORC-VEAU,10.37,204084,2025-10-15,2025_10_15.csv,match,PORK,500
COLUMBUS OEUFS 6PC,3.85,541094600046,2025-10-15,2025_10_15.csv,match,EGG,360
BOTTE POIREAU,2.99,542500984700,2025-10-26,2025_10_26.csv,match,LEEK,500
HET TRAAGSTE BROOD P,5.1,543000017740,2025-10-26,2025_10_26.csv,match,BREAD,400
RAISIN MIX 500G,2.79,540011957956,2025-10-26,2025_10_26.csv,match,RAISIN,500.0
HOUMOUS NATURE BIO,2.69,540011962081,2025-10-26,2025_10_26.csv,match,HUMMUS,200
HOUMOUS NATURE BIO,2.69,540011962081,2025-10-26,2025_10_26.csv,match,HUMMUS,200
DLL ECO VAIS. MENT,1.09,540011376286,2025-10-26,2025_10_26.csv,ignore,,
SAL BLE EMB 100GR,1.39,540011230202,2025-10-26,2025_10_26.csv,match,SALAD GREENS,100.0
COLUMBUS OEUFS 6PC,3.85,541094600046,2025-10-26,2025_10_26.csv,match,EGG,360
LINDT EXCELLENCE,2.45,304692002836,2025-10-26,2025_10_26.csv,ignore,,
LINDT EXCELLENCE,2.45,304692002836,2025-10-26,2025_10_26.csv,ignore,,
LINDT EXCELLENCE,2.45,304692002836,2025-10-26,2025_10_26.csv,ignore,,
LINDT EXCELLENCE,2.45,304692002836,2025-10-26,2025_10_26.csv,ignore,,
CONF.NOSTALGIE,4.39,541004600860,2025-10-26,2025_10_26.csv,match,JAM,300
250G TORTELLO TOM,2.49,540011758830,2025-10-26,2025_10_26.csv,match,TORTELLINI,250.0
250G TORTELLO TOM,2.49,540011758830,2025-10-26,2025_10_26.csv,match,TORTELLINI,250.0
"POTIRON BUTTERNUT 1,355 KG",2.7,2165,2025-10-26,2025_10_26.csv,match,BUTTERNUT SQUASH,1355
325G PAT CAC CREME,4.19,360858012541,2025-10-26,2025_10_26.csv,match,CHOCOLATE HAZELNUT SPREAD,325
HACHIS PORC-VEAU,5.91,204084,2025-10-26,2025_10_26.csv,match,PORK,500
HACHIS PORC-VEAU,10.57,204084,2025-10-26,2025_10_26.csv,match,PORK,500
HACHIS PORC-VEAU,10.11,204084,2025-10-26,2025_10_26.csv,match,PORK,500
AIGUILLETTE POULET,7.11,2205569,2025-10-26,2025_10_26.csv,match,CHICKEN,500
AIGUILLETTE POULET,6.95,2205569,2025-10-26,2025_10_26.csv,match,CHICKEN,500
CER SG CRAC FORM,4.35,541006302391,2025-10-28,2025_10_28.csv,match,CRACKER,150
SAC PAIN BASIC N2,2.69,540011181900,2025-10-28,2025_10_28.csv,match,BREAD,
GV KRAKKI'S,2.75,541215803269,2025-10-28,2025_10_28.csv,match,CRACKER,150
200GR HOUMOUS,2.19,540011238642,2025-10-28,2025_10_28.csv,match,HUMMUS,200
200GR HOUMOUS,2.19,540011238642,2025-10-28,2025_10_28.csv,match,HUMMUS,200
200GR HOUMOUS,2.19,540011238642,2025-10-28,2025_10_28.csv,match,HUMMUS,200
250G TORTELLO TOM,2.49,540011758830,2025-10-28,2025_10_28.csv,match,TORTELLINI,250.0
SAUMON ATL FUME DL,4.99,540060135958,2025-10-28,2025_10_28.csv,match,SMOKED SALMON,150
FRAMBOIS 125G,2.79,540011952398,2025-10-28,2025_10_28.csv,match,RASPBERRY,125
FRAMBOIS 125G,2.79,540011952398,2025-10-28,2025_10_28.csv,match,RASPBERRY,125
350G WRAP TORTILLA,3.69,841007647012,2025-10-28,2025_10_28.csv,match,FLOUR TORTILLA,350
350G WRAP TORTILLA,3.69,841007647012,2025-10-28,2025_10_28.csv,match,FLOUR TORTILLA,350
250G TORTELLO TOM,2.49,540011758830,2025-10-28,2025_10_28.csv,match,TORTELLINI,250.0
HACHIS PORC-VEAU,4.8,204084,2025-10-28,2025_10_28.csv,match,PORK,500
HACHIS PORC-VEAU,5.01,204084,2025-10-28,2025_10_28.csv,match,PORK,500
COLUMBUS OEUFS 6PC,3.85,541094600046,2025-10-28,2025_10_28.csv,match,EGG,360
COLUMBUS OEUFS 6PC,3.85,541094600046,2025-10-28,2025_10_28.csv,match,EGG,360
COLUMBUS OEUFS 6PC,3.85,541094600046,2025-10-28,2025_10_28.csv,match,EGG,360
AVOCAT 3X,5.67,540011956924,2025-10-28,2025_10_28.csv,match,AVOCADO,510
FILET AMERICAIN PR,3.48,204080,2025-10-28,2025_10_28.csv,match,BEEF,150
CARPACCIO,5.54,204356,2025-10-28,2025_10_28.csv,match,BEEF,120
CARPACCIO,5.16,204356,2025-10-28,2025_10_28.csv,match,BEEF,120
ROSBIF,25.97,204007,2025-11-02,2025_11_02.csv,match,BEEF,600
HACHIS BOEUF&PORC,2.77,204085,2025-11-02,2025_11_02.csv,match,BEEF,500
HACHIS BOEUF&PORC,1.67,204085,2025-11-02,2025_11_02.csv,match,BEEF,500
HACHIS BOEUF&PORC,2.78,204085,2025-11-02,2025_11_02.csv,match,BEEF,500
HACHIS BOEUF&PORC,3.56,204085,2025-11-02,2025_11_02.csv,match,BEEF,500
"SAN MARZANO 1,290 KG",5.02,2145,2025-11-02,2025_11_02.csv,match,TOMATO,1290
RAVIOLI POMODORI,3.85,800102011418,2025-11-02,2025_11_02.csv,match,RAVIOLI,
RAVIOLI POMODORI,3.85,800102011418,2025-11-02,2025_11_02.csv,match,RAVIOLI,
RAVIOLI POMODORI,3.85,800102011418,2025-11-02,2025_11_02.csv,match,RAVIOLI,
LPO SAVON FL ORANG,4.29,354962000503,2025-11-02,2025_11_02.csv,ignore,,
RAVIOLI POMODORI,3.85,800102011418,2025-11-02,2025_11_02.csv,match,RAVIOLI,
RAVIOLI POMODORI,3.85,800102011418,2025-11-02,2025_11_02.csv,match,RAVIOLI,
NIVEA DEO ROL,5.49,400600001145,2025-11-02,2025_11_02.csv,ignore,,
100GR JEUNES POUSS,1.19,540011236373,2025-11-02,2025_11_02.csv,match,SALAD GREENS,100
RAVIOLI POMODORI,3.85,800102011418,2025-11-02,2025_11_02.csv,match,RAVIOLI,
RAVIOLI POMODORI,3.85,800102011418,2025-11-02,2025_11_02.csv,match,RAVIOLI,
COLOMBIA,6.49,543000044641,2025-11-02,2025_11_02.csv,match,COFFEE,250
175GR JEUNES POUSS,2.29,540011236163,2025-11-02,2025_11_02.csv,ignore,,175.0
RAVIOLI POMODORI,3.85,800102011418,2025-11-02,2025_11_02.csv,match,RAVIOLI,
COLOMBIA,6.49,543000044641,2025-11-02,2025_11_02.csv,match,COFFEE,250
BOTTE POIREAU,2.99,542500984700,2025-11-02,2025_11_02.csv,match,LEEK,500
MOZZARELLA 125,0.8,540060135955,2025-11-02,2025_11_02.csv,match,MOZZARELLA CHEESE,125
MOZZARELLA 125,0.8,540060135955,2025-11-02,2025_11_02.csv,match,MOZZARELLA CHEESE,125
LINDT EXCELLENCE 4X,11.0,304692002836,2025-11-02,2025_11_02.csv,match,CHOCOLATE,400
RAISIN MIX 500G,2.79,540011957956,2025-11-02,2025_11_02.csv,match,RAISIN,500.0
MOZZARELLA 125,0.8,540060135955,2025-11-02,2025_11_02.csv,match,MOZZARELLA CHEESE,125
CAROTTES BIO,2.29,540011239500,2025-11-02,2025_11_02.csv,match,CARROT,500
MOZZARELLA 125,0.8,540060135955,2025-11-02,2025_11_02.csv,match,MOZZARELLA CHEESE,125
VIANDE FRAICHE,19.13,2213640019136,2025-11-02,2025_11_02.csv,match,MEAT,250
BM 335G RHUBARBE,5.29,360858004773,2025-11-02,2025_11_02.csv,ignore,,335.0
DRAAGTAS,0.95,501520032506,2025-11-02,2025_11_02.csv,ignore,,
BIO BANANEN,2.59,401407169271,2025-11-02,2025_11_02.csv,match,BANANA,700
FRUIT & LEGUMES,3.55,,2025-11-02,2025_11_02.csv,ignore,,
GUACAMOLE DO 200GR,2.99,540011238853,2025-11-06,2025_11_06.csv,match,GUACAMOLE,200.0
GUACAMOLE DO 200GR,2.99,540011238853,2025-11-06,2025_11_06.csv,match,GUACAMOLE,200.0
AVOCAT 5X,9.45,540011956924,2025-11-06,2025_11_06.csv,match,AVOCADO,850
100GR JEUNES POUSS,1.19,540011236373,2025-11-06,2025_11_06.csv,match,SALAD GREENS,100
100GR JEUNES POUSS,1.19,540011236373,2025-11-06,2025_11_06.csv,match,SALAD GREENS,100
SAL BLE EMB 100GR,1.39,540011230202,2025-11-06,2025_11_06.csv,match,SALAD GREENS,100.0
RAISIN MIX 500G,2.79,540011957956,2025-11-06,2025_11_06.csv,match,RAISIN,500.0
SAL BLE EMB 100GR,1.39,540011230202,2025-11-06,2025_11_06.csv,match,SALAD GREENS,100.0
200G SKYR FRAISE,2.29,401624105090,2025-11-06,2025_11_06.csv,match,YOGURT,200
200G SKYR FRAISE,2.29,401624105090,2025-11-06,2025_11_06.csv,match,YOGURT,200
200G SKYR FRAISE,2.29,401624105090,2025-11-06,2025_11_06.csv,match,YOGURT,200
200G SKYR FRAISE,2.29,401624105090,2025-11-06,2025_11_06.csv,match,YOGURT,200
CAROTTES BIO,2.29,540011239500,2025-11-06,2025_11_06.csv,match,CARROT,500
CAROTTES BIO,2.29,540011239500,2025-11-06,2025_11_06.csv,match,CARROT,500
COLUMBUS OEUFS 6PC,3.85,541094600046,2025-11-06,2025_11_06.csv,match,EGG,360
COLUMBUS OEUFS 6PC,3.85,541094600046,2025-11-06,2025_11_06.csv,match,EGG,360
"BIO PDT DOUCE 0,820 KG",2.29,2337,2025-11-06,2025_11_06.csv,match,SWEET POTATO,820
400GR TOM.CERISES,3.99,540011232370,2025-11-06,2025_11_06.csv,match,TOMATO,400
"BIO PDT DOUCE 0,300 KG",0.84,2337,2025-11-06,2025_11_06.csv,match,SWEET POTATO,300
DLL CREME 1L,4.79,540011952225,2025-11-06,2025_11_06.csv,match,CREAM,1000
400GR TOM.CERISES,3.99,540011232370,2025-11-06,2025_11_06.csv,match,TOMATO,400
"PRIMEUR POMME DT 2,160 KG",3.65,2348,2025-11-06,2025_11_06.csv,match,POTATO,2160
95G SEL MARIN,1.29,540011375337,2025-11-06,2025_11_06.csv,match,SALT,95
BIESLOOK 8G,7.45,323475003036,2025-11-06,2025_11_06.csv,match,CHIVE,8
BM 335G RHUBARBE,5.29,360858004773,2025-11-06,2025_11_06.csv,ignore,,335.0
"BIO PDT DOUCE 1,525 KG",4.25,2337,2025-11-13,2025_11_13.csv,match,SWEET POTATO,1525
300G CRISPBR FIBRE,2.05,730040048173,2025-11-13,2025_11_13.csv,match,CRISPBREAD,300
GV HAVER CRACKERS,3.35,541215803049,2025-11-13,2025_11_13.csv,match,CRACKER,200
SAL BLE EMB 100GR,1.39,540011230202,2025-11-13,2025_11_13.csv,match,SALAD GREENS,100.0
MEL. JEUNES POUSSE,0.89,540011230780,2025-11-13,2025_11_13.csv,ignore,,
200GR HOUMOUS,2.19,540011238642,2025-11-13,2025_11_13.csv,match,HUMMUS,200
200GR HOUMOUS,2.19,540011238642,2025-11-13,2025_11_13.csv,match,HUMMUS,200
200GR HOUMOUS,2.19,540011238642,2025-11-13,2025_11_13.csv,match,HUMMUS,200
GUACAMOLE DO 200GR,2.99,540011238853,2025-11-13,2025_11_13.csv,match,GUACAMOLE,200.0
GUACAMOLE DO 200GR,2.99,540011238853,2025-11-13,2025_11_13.csv,match,GUACAMOLE,200.0
SAL BLE EMB 100GR,1.39,540011230202,2025-11-13,2025_11_13.csv,match,SALAD GREENS,100.0
MEL. JEUNES POUSSE,0.89,540011230780,2025-11-13,2025_11_13.csv,ignore,,
RAISIN MIX 500G,2.79,540011957956,2025-11-13,2025_11_13.csv,match,RAISIN,500.0
4X75G BOSTO COUSCO,3.29,541010607018,2025-11-13,2025_11_13.csv,match,COUSCOUS,300
50CL BIO GIMBER N1,22.99,543000159802,2025-11-13,2025_11_13.csv,match,GINGER,500
TOMATES CERISE 1KG,5.99,540011957582,2025-11-13,2025_11_13.csv,match,TOMATO,1000.0
TOMATES CERISE 1KG,5.99,540011957582,2025-11-13,2025_11_13.csv,match,TOMATO,1000.0
1KG GROS SEL MER,1.29,540011375365,2025-11-13,2025_11_13.csv,match,SALT,1000
BM 335G RHUBARBE,5.29,360858004773,2025-11-13,2025_11_13.csv,ignore,,335.0
BM 335G FRAMBOISE,4.29,360858091669,2025-11-13,2025_11_13.csv,ignore,,335.0
CIBOULETTE BIO,2.39,540011957593,2025-11-13,2025_11_13.csv,match,CHIVE,30
COLUMBUS OEUFS 6PC,3.85,541094600046,2025-11-13,2025_11_13.csv,match,EGG,360
MIX VOOR VIS,5.53,323475003077,2025-11-13,2025_11_13.csv,match,SPICE MIX,50
JENEVERBESSEN,6.68,316290003122,2025-11-13,2025_11_13.csv,match,JUNIPER BERRY,30
ROZE BESSEN,12.7,316290003152,2025-11-13,2025_11_13.csv,match,BLACK PEPPER,100
ENTREM COMTE FRUIT,7.15,312393065013,2025-11-13,2025_11_13.csv,match,COMTE CHEESE,250
HACHIS PORC-VEAU,6.06,204084,2025-11-18,2025_11_18.csv,match,PORK,500
HACHIS PORC-VEAU,5.97,204084,2025-11-18,2025_11_18.csv,match,PORK,500
"CHIQUITA C BANANES 1,050 KG",2.61,2004,2025-11-18,2025_11_18.csv,match,BANANA,1050
JAMBON A L OS AUTH,4.84,2200629,2025-11-18,2025_11_18.csv,match,HAM,250
250G TORTELLO TOM,2.49,540011758830,2025-11-18,2025_11_18.csv,match,TORTELLINI,250.0
HACHIS PORC-VEAU,14.62,204084,2025-11-18,2025_11_18.csv,match,PORK,500
"MANDARINES 0,830 KG",2.73,2350,2025-11-18,2025_11_18.csv,match,TANGERINE,830
"PAMPLEMOUSSE ROUGE 0,795 KG",2.7,2025,2025-11-18,2025_11_18.csv,match,GRAPEFRUIT,795
AVOCAT 4X,7.56,540011956924,2025-11-18,2025_11_18.csv,match,AVOCADO,680
325G PAT CAC CREME,4.19,360858012541,2025-11-18,2025_11_18.csv,match,CHOCOLATE HAZELNUT SPREAD,325
"SAN MARZANO 0,965 KG",3.75,2145,2025-11-20,2025_11_20.csv,match,TOMATO,965
APPEL PINK LADY 6P,3.49,370047661163,2025-11-20,2025_11_20.csv,match,APPLE,900
APPEL PINK LADY 6P,3.49,370047661163,2025-11-20,2025_11_20.csv,match,APPLE,900
"CLEMENT A FEUILLES 0,645 KG",3.22,2016,2025-11-20,2025_11_20.csv,match,CLEMENTINE,645
JAMBON A L OS AUTH,4.81,2200629,2025-11-20,2025_11_20.csv,match,HAM,250
JAMBON A L OS AUTH,4.87,2200629,2025-11-20,2025_11_20.csv,match,HAM,250
JAMBON A L OS AUTH,4.91,2200629,2025-11-20,2025_11_20.csv,match,HAM,250
PITCH CHOCOLAT 6X,2.49,325654999837,2025-11-20,2025_11_20.csv,match,BRIOCHE,190
BURGER LIMOUSIN,5.99,540011960556,2025-11-20,2025_11_20.csv,match,BEEF,200
BURGER LIMOUSIN,5.99,540011960556,2025-11-20,2025_11_20.csv,match,BEEF,200
510G HARRYS MAXI B,3.49,322885700035,2025-11-20,2025_11_20.csv,match,BRIOCHE,510
CAROTTES BIO,2.29,540011239500,2025-11-20,2025_11_20.csv,match,CARROT,500
HACHIS PORC-VEAU,2.62,204084,2025-11-20,2025_11_20.csv,match,PORK,500
HACHIS PORC-VEAU,2.36,204084,2025-11-20,2025_11_20.csv,match,PORK,500
HACHIS PORC-VEAU,2.6,204084,2025-11-20,2025_11_20.csv,match,PORK,500
HACHIS PORC-VEAU,2.41,204084,2025-11-20,2025_11_20.csv,match,PORK,500
4X125GR ACTIVIA Y. 4X,13.0,541014641779,2025-11-20,2025_11_20.csv,match,YOGURT,2000
CAMP FROM FR ENTIE,2.05,871280000066,2025-11-20,2025_11_20.csv,match,BREAD,500
HACHIS PORC-VEAU,2.43,204084,2025-11-20,2025_11_20.csv,match,PORK,500
AIG FILET POUL EF,8.31,2290520,2025-11-20,2025_11_20.csv,match,CHICKEN,600
AIG FILET POUL EF,8.83,2290520,2025-11-20,2025_11_20.csv,match,CHICKEN,600
CAROTTES BIO,2.29,540011239500,2025-11-26,2025_11_26.csv,match,CARROT,500
BIO BANANEN,2.59,401407169271,2025-11-26,2025_11_26.csv,match,BANANA,700
SAUMON BELLE-VUE,5.99,540011959141,2025-11-26,2025_11_26.csv,match,SALMON,150
JAMBON A L OS AUTH,4.84,2200629,2025-11-26,2025_11_26.csv,match,HAM,250
JAMBON A L OS AUTH,4.78,2200629,2025-11-26,2025_11_26.csv,match,HAM,250
BM 335G RHUBARBE,5.29,360858004773,2025-11-26,2025_11_26.csv,ignore,,335.0
250G TORTELLO TOM,2.49,540011758830,2025-11-26,2025_11_26.csv,match,TORTELLINI,250.0
250G TORTELLO TOM,2.49,540011758830,2025-11-26,2025_11_26.csv,match,TORTELLINI,250.0
250G TORTELLO TOM,2.49,540011758830,2025-11-26,2025_11_26.csv,match,TORTELLINI,250.0
SAL BLE EMB 100GR,1.39,540011230202,2025-11-26,2025_11_26.csv,match,SALAD GREENS,100.0
SAL BLE EMB 100GR,1.39,540011230202,2025-11-26,2025_11_26.csv,match,SALAD GREENS,100.0
AVOCAT 5X,9.45,540011956924,2025-11-26,2025_11_26.csv,match,AVOCADO,850
BURGER LIMOUSIN,5.99,540011960556,2025-11-26,2025_11_26.csv,match,BEEF,200
BURGER LIMOUSIN,5.99,540011960556,2025-11-26,2025_11_26.csv,match,BEEF,200
LINDT EXCELLENCE 3X,8.25,304692002836,2025-11-26,2025_11_26.csv,match,CHOCOLATE,300
STEAK PELE,9.62,204019,2025-11-26,2025_11_26.csv,match,BEEF,400
200GR HOUMOUS,2.19,540011238642,2025-11-26,2025_11_26.csv,match,HUMMUS,200
200GR HOUMOUS,2.19,540011238642,2025-11-26,2025_11_26.csv,match,HUMMUS,200
200GR HOUMOUS,2.19,540011238642,2025-11-26,2025_11_26.csv,match,HUMMUS,200
MANGUE 2X,3.98,540011954346,2025-11-26,2025_11_26.csv,match,MANGO,800
SAC A PAIN TRADITI,3.09,540011181906,2025-11-26,2025_11_26.csv,match,BREAD,800
HACHIS PORC-VEAU,5.91,204084,2025-11-26,2025_11_26.csv,match,PORK,500
HACHIS PORC-VEAU,10.14,204084,2025-11-26,2025_11_26.csv,match,PORK,500
"POTIRON BUTTERNUT 1,885 KG",3.75,2165,2025-11-26,2025_11_26.csv,match,BUTTERNUT SQUASH,1885
"SAN MARZANO 1,730 KG",6.73,2145,2025-11-28,2025_11_28.csv,match,TOMATO,1730
CELERI VERT,2.49,263,2025-11-28,2025_11_28.csv,match,CELERY,500
100GR JEUNES POUSS,1.19,540011236373,2025-11-28,2025_11_28.csv,match,SALAD GREENS,100
POMME GRANNY SMITH,2.59,540011233283,2025-11-28,2025_11_28.csv,match,APPLE,750
LINDT EXCELLENCE,2.75,304692002836,2025-11-28,2025_11_28.csv,ignore,,
LINDT EXCELLENCE,2.75,304692002836,2025-11-28,2025_11_28.csv,ignore,,
OIGNON ROUGE 750G,1.69,540011231484,2025-11-28,2025_11_28.csv,match,RED ONION,750
AIG FILET POUL EF,8.61,2290520,2025-11-28,2025_11_28.csv,match,CHICKEN,600
AIG FILET POUL EF,8.95,2290520,2025-11-28,2025_11_28.csv,match,CHICKEN,600
HACHIS BOEUF&PORC,10.74,204085,2025-11-28,2025_11_28.csv,match,BEEF,500
HACHIS BOEUF&PORC,10.97,204085,2025-11-28,2025_11_28.csv,match,BEEF,500
ROSBIF,25.86,204007,2025-11-28,2025_11_28.csv,match,BEEF,600
JAMBON DEGRAISSE,3.79,2208132003793,2025-12-04,2025_12_04.csv,match,HAM,200
JAMBON A L OS AUTH,4.87,2200629004870,2025-12-04,2025_12_04.csv,match,HAM,250
JAMBON A L OS AUTH,4.84,2200629004849,2025-12-04,2025_12_04.csv,match,HAM,250
DRAAGTAS,0.95,501520032506,2025-12-04,2025_12_04.csv,ignore,,
DRAAGTAS,0.95,501520032506,2025-12-04,2025_12_04.csv,ignore,,
SAC  PAIN BASIC N2,2.69,540011181900,2025-12-04,2025_12_04.csv,match,BREAD,800
SAC  PAIN BASIC N2,2.69,540011181900,2025-12-04,2025_12_04.csv,match,BREAD,800
PDT GRENAILLE 1KG,2.89,540011237842,2025-12-04,2025_12_04.csv,ignore,,1000
BIO BANANEN,2.59,401407169271,2025-12-04,2025_12_04.csv,match,BANANA,700
HACHIS PORC-VEAU,5.67,2040849005673,2025-12-04,2025_12_04.csv,match,PORK,500
HACHIS PORC-VEAU,10.43,2040840010430,2025-12-04,2025_12_04.csv,match,PORK,500
MOZZARELLA 125,0.8,540060135955,2025-12-04,2025_12_04.csv,match,MOZZARELLA CHEESE,125
MOZZARELLA 125,0.8,540060135955,2025-12-04,2025_12_04.csv,match,MOZZARELLA CHEESE,125
MOZZARELLA 125,0.8,540060135955,2025-12-04,2025_12_04.csv,match,MOZZARELLA CHEESE,125
AVOCAT 6X,8.7,540011956924,2025-12-04,2025_12_04.csv,match,AVOCADO,1020
ECHALOTE GRA 500GR,4.79,541263100060,2025-12-04,2025_12_04.csv,match,SHALLOT,500
DLH BEURRE DE LAIT,2.09,540011219700,2025-12-04,2025_12_04.csv,match,BUTTER,250
CAROTTES BIO,2.29,540011239500,2025-12-04,2025_12_04.csv,match,CARROT,500
CAROTTES BIO,2.29,540011239500,2025-12-04,2025_12_04.csv,match,CARROT,500
"BIO PDT DOUCE 0,865 KG",2.41,,2025-12-04,2025_12_04.csv,match,SWEET POTATO,865
MANGUE 2X,3.98,540011954346,2025-12-04,2025_12_04.csv,match,MANGO,800
SAL BLE EMB 100GR,1.39,540011230202,2025-12-04,2025_12_04.csv,match,SALAD GREENS,100.0
"CLEMENT A FEUILLES 0,835 KG",4.17,,2025-12-04,2025_12_04.csv,match,CLEMENTINE,835
CONF.NOSTALGIE,4.39,541004600860,2025-12-04,2025_12_04.csv,match,JAM,300
MOZZARELLA 125,0.8,540060135955,2025-12-04,2025_12_04.csv,match,MOZZARELLA CHEESE,125
HOUMOUS NATURE BIO,2.69,540011962081,2025-12-04,2025_12_04.csv,match,HUMMUS,200
HOUMOUS NATURE BIO,2.69,540011962081,2025-12-04,2025_12_04.csv,match,HUMMUS,200
"SAN MARZANO 1,720 KG",6.69,,2025-12-04,2025_12_04.csv,match,TOMATO,1720
100GR JEUNES POUSS,1.19,540011236373,2025-12-04,2025_12_04.csv,match,SALAD GREENS,100
PDT GRENAILLE 1KG,2.89,540011237842,2025-12-04,2025_12_04.csv,ignore,,1000
DLL CHOCOLAT NOIR,0.95,540011368964,2025-12-06,2025_12_06.csv,match,CHOCOLATE,100
DLL CHOCOLAT NOIR,0.95,540011368964,2025-12-06,2025_12_06.csv,match,CHOCOLATE,100
DESSERT 58 COTE DO,3.89,762240001043,2025-12-06,2025_12_06.csv,match,CHOCOLATE,150
75CL PROSECCO DOC,10.99,800622000166,2025-12-06,2025_12_06.csv,ignore,,750.0
75CL PROSECCO DOC,10.99,800622000166,2025-12-06,2025_12_06.csv,ignore,,750.0
75CL PROSECCO DOC,10.99,800622000166,2025-12-06,2025_12_06.csv,ignore,,750.0
100G TANZANIE 72%,2.45,540011374938,2025-12-06,2025_12_06.csv,match,CHOCOLATE,100
SAN PELLEGRINO,0.89,800227001490,2025-12-06,2025_12_06.csv,ignore,,
SAN PELLEGRINO,0.89,800227001490,2025-12-06,2025_12_06.csv,ignore,,
GERLINEA CHOCOLAT,3.29,317568185200,2025-12-06,2025_12_06.csv,match,CHOCOLATE,100
GERLINEA CHOCOLAT,3.29,317568185200,2025-12-06,2025_12_06.csv,match,CHOCOLATE,100
HACHIS BOEUF&PORC,5.72,2040851005722,2025-12-06,2025_12_06.csv,match,BEEF,500
HACHIS BOEUF&PORC,5.72,2040851005722,2025-12-06,2025_12_06.csv,match,BEEF,500
HACHIS BOEUF&PORC,6.07,2040850006072,2025-12-06,2025_12_06.csv,match,BEEF,500
DRAAGTAS 2X,1.9,501520032506,2025-12-06,2025_12_06.csv,ignore,,
HACHIS BOEUF&PORC,5.74,2040859005748,2025-12-06,2025_12_06.csv,match,BEEF,500
HACHIS BOEUF&PORC,10.62,2040859010629,2025-12-06,2025_12_06.csv,match,BEEF,500
HACHIS BOEUF&PORC,10.65,2040858010651,2025-12-06,2025_12_06.csv,match,BEEF,500
PDT GRENA 1KG BIO,3.49,540011239794,2025-12-06,2025_12_06.csv,ignore,,1000.0
RAISIN MIX 500G,2.79,540011957956,2025-12-06,2025_12_06.csv,match,RAISIN,500.0
185G LAYS S&BL.PEP,1.89,871039852422,2025-12-06,2025_12_06.csv,ignore,,185.0
185G LAYS NATUREL,2.05,871039852408,2025-12-06,2025_12_06.csv,ignore,,185
100GR JEUNES POUSS,1.19,540011236373,2025-12-06,2025_12_06.csv,match,SALAD GREENS,100
SAL BLE EMB 100GR,1.39,540011230202,2025-12-06,2025_12_06.csv,match,SALAD GREENS,100.0
"CLEMENT A FEUILLES 1,160 KG",5.79,,2025-12-06,2025_12_06.csv,match,CLEMENTINE,1160
PDT GRENA 1KG BIO,3.49,540011239794,2025-12-06,2025_12_06.csv,ignore,,1000.0
750G MCC DUCHESSE,5.75,325683000505,2025-12-06,2025_12_06.csv,ignore,,750
750G MCC DUCHESSE,5.75,325683000505,2025-12-06,2025_12_06.csv,ignore,,750
600G GAUFFRE PDT,3.59,540011370075,2025-12-06,2025_12_06.csv,match,POTATO,600
600G GAUFFRE PDT,3.59,540011370075,2025-12-06,2025_12_06.csv,match,POTATO,600
TAM TARTE AUX CERI,10.45,541068363096,2025-12-06,2025_12_06.csv,match,PIE CRUST,600
TARTE FRAMB.PIST,13.29,541068364591,2025-12-06,2025_12_06.csv,match,PIE CRUST,600
75C VRANKEN B GR,31.99,325395100011,2025-12-12,2025_12_12.csv,match,CHAMPAGNE,750
75C VRANKEN B GR,31.99,325395100011,2025-12-12,2025_12_12.csv,match,CHAMPAGNE,750
75C VRANKEN B GR,31.99,325395100011,2025-12-12,2025_12_12.csv,match,CHAMPAGNE,750
BOTTE POIREAU,2.99,540011231720,2025-12-12,2025_12_12.csv,match,LEEK,500
MANGUE,1.99,540011954346,2025-12-12,2025_12_12.csv,match,MANGO,400
AVOCAT 4X,5.8,540011956924,2025-12-12,2025_12_12.csv,match,AVOCADO,680
"POIVRON ROUGE 1,195 KG",3.76,,2025-12-12,2025_12_12.csv,match,BELL PEPPER,1195
HACHIS PORC-VEAU,10.83,2040844010832,2025-12-12,2025_12_12.csv,match,PORK,500
HACHIS PORC-VEAU,10.83,2040844010832,2025-12-12,2025_12_12.csv,match,PORK,500
HET TRAAGSTE BROOD P,5.1,543000017740,2025-12-12,2025_12_12.csv,match,BREAD,400
DES DE POULET,7.13,2205567007136,2025-12-12,2025_12_12.csv,match,CHICKEN,1000
DES DE POULET,7.02,2205567007020,2025-12-12,2025_12_12.csv,match,CHICKEN,1000
DES DE POULET,7.25,2205567007259,2025-12-12,2025_12_12.csv,match,CHICKEN,1000
DES DE POULET,7.16,2205567007167,2025-12-12,2025_12_12.csv,match,CHICKEN,1000
100GR JEUNES POUSS,1.19,540011236373,2025-12-12,2025_12_12.csv,match,SALAD GREENS,100
500G DE CECCO PUNT,2.29,800125012073,2025-12-12,2025_12_12.csv,match,PASTA,500
ENTREM COMTE FRUIT,7.15,312393065013,2025-12-12,2025_12_12.csv,match,COMTE CHEESE,250
"POTIRON BUTTERNUT 1,280 KG",2.55,,2025-12-12,2025_12_12.csv,match,BUTTERNUT SQUASH,1280
200GR  HOUMOUS,2.19,540011759789,2025-12-12,2025_12_12.csv,match,HUMMUS,200
200GR  HOUMOUS,2.19,540011759789,2025-12-12,2025_12_12.csv,match,HUMMUS,200
HARICOTS FINS 400G,3.19,540011959157,2025-12-12,2025_12_12.csv,ignore,,400.0
BIO BANANEN,2.59,401407169271,2025-12-12,2025_12_12.csv,match,BANANA,700
CAROTTES BIO,2.29,540011239500,2025-12-12,2025_12_12.csv,match,CARROT,500
100GR JEUNES POUSS,1.19,540011236373,2025-12-12,2025_12_12.csv,match,SALAD GREENS,100
"CLEMENT A FEUILLES 0,945 KG",4.72,,2025-12-12,2025_12_12.csv,match,CLEMENTINE,945
"TOM BELG GRAPP 1,295 KG",3.35,,2025-12-12,2025_12_12.csv,match,TOMATO,1295
250G TORTELLO TOM,2.49,540011758830,2025-12-13,2025_12_13.csv,match,TORTELLINI,250.0
250G TORTELLO TOM,2.49,540011758830,2025-12-13,2025_12_13.csv,match,TORTELLINI,250.0
250G TORTELLO TOM,2.49,540011758830,2025-12-13,2025_12_13.csv,match,TORTELLINI,250.0
250G TORTELLO TOM,2.49,540011758830,2025-12-13,2025_12_13.csv,match,TORTELLINI,250.0
MEDAILLON DE VEAU,7.52,2040316007520,2025-12-13,2025_12_13.csv,match,VEAL,200
MEDAILLON DE VEAU,8.01,2040317008014,2025-12-13,2025_12_13.csv,match,VEAL,200
MEDAILLON DE VEAU,7.31,2040310007311,2025-12-13,2025_12_13.csv,match,VEAL,200
MEDAILLON DE VEAU,7.12,2040312007128,2025-12-13,2025_12_13.csv,match,VEAL,200
600G DLL ROSTI,1.99,540011375690,2025-12-13,2025_12_13.csv,match,POTATO,600
450G DLL POIS BIOL,1.29,540011127155,2025-12-13,2025_12_13.csv,match,PEA,450
DLL CREME 35% 25CL,1.25,540011958917,2025-12-13,2025_12_13.csv,match,CREAM,250
DLL CREME 35% 25CL,1.25,540011958917,2025-12-13,2025_12_13.csv,match,CREAM,250
DLL CREME 35% 25CL,1.25,540011958917,2025-12-13,2025_12_13.csv,match,CREAM,250
DLL CREME 35% 25CL,1.25,540011958917,2025-12-13,2025_12_13.csv,match,CREAM,250
6 WRAPS DE BLE,1.49,540011961880,2025-12-13,2025_12_13.csv,match,FLOUR TORTILLA,240
6 WRAPS DE BLE,1.49,540011961880,2025-12-13,2025_12_13.csv,match,FLOUR TORTILLA,240
450G DLL POIS BIOL,1.29,540011127155,2025-12-13,2025_12_13.csv,match,PEA,450
HET TRAAGSTE BROOD P,5.1,543000017740,2025-12-13,2025_12_13.csv,match,BREAD,400
"BIO PDT DOUCE 0,900 KG",2.51,,2025-12-13,2025_12_13.csv,match,SWEET POTATO,900
"POIVRON ROUGE 1,055 KG",3.32,,2025-12-13,2025_12_13.csv,match,BELL PEPPER,1055
600G DLL ROSTI,1.99,540011375690,2025-12-13,2025_12_13.csv,match,POTATO,600
HET TRAAGSTE BROOD P,5.1,543000017740,2025-12-13,2025_12_13.csv,match,BREAD,400
RAISIN MIX 500G,2.79,540011957956,2025-12-13,2025_12_13.csv,match,RAISIN,500.0
185G LAYS S&BL.PEP,1.89,871039852422,2025-12-13,2025_12_13.csv,ignore,,185.0
185G LAYS NATUREL,2.05,871039852408,2025-12-13,2025_12_13.csv,ignore,,185
BURGER LIMOUSIN,5.99,540011960556,2025-12-13,2025_12_13.csv,match,BEEF,200
BURGER LIMOUSIN,5.99,540011960556,2025-12-13,2025_12_13.csv,match,BEEF,200
MULTIGRAINS BUN,2.49,590262095218,2025-12-13,2025_12_13.csv,match,BREAD,300
DLL CRACK EPEAUTRE,1.75,540011375626,2025-12-13,2025_12_13.csv,match,CRACKER,200
DLL CRACK EPEAUTRE,1.75,540011375626,2025-12-13,2025_12_13.csv,match,CRACKER,200
200G DUYVIS CRAC A,1.95,871039801154,2025-12-13,2025_12_13.csv,ignore,,200.0
175GR  CHICON GAST,3.0,540011230572,2025-12-13,2025_12_13.csv,match,ENDIVE,175
175GR  CHICON GAST,3.0,540011230572,2025-12-13,2025_12_13.csv,match,ENDIVE,175
175GR  CHICON GAST,3.0,540011230572,2025-12-13,2025_12_13.csv,match,ENDIVE,175
SAL BLE EMB 100GR,1.39,540011230202,2025-12-13,2025_12_13.csv,match,SALAD GREENS,100.0
SAL BLE EMB 100GR,1.39,540011230202,2025-12-13,2025_12_13.csv,match,SALAD GREENS,100.0
TOAST KROKANT HAU,1.35,871044502413,2025-12-13,2025_12_13.csv,match,BREAD,100
CONF.NOSTALGIE,4.39,541004600860,2025-12-13,2025_12_13.csv,match,JAM,300
CONF.NOSTALGIE MA,4.65,541004600052,2025-12-13,2025_12_13.csv,ignore,,
OIGNONS JAUNE 1KG,4.99,540011231492,2025-12-13,2025_12_13.csv,match,ONION,1000
SAL BLE EMB 100GR,1.39,540011230202,2025-12-13,2025_12_13.csv,match,SALAD GREENS,100.0
75 CH RAMBAUDS 20R,6.99,370032591362,2025-12-13,2025_12_13.csv,match,RED WINE,750
75 CH RAMBAUDS 20R,6.99,370032591362,2025-12-13,2025_12_13.csv,match,RED WINE,750
COLUMBUS OEUFS 6PC,3.85,541094600046,2025-12-13,2025_12_13.csv,match,EGG,360
COLUMBUS OEUFS 6PC,3.85,541094600046,2025-12-13,2025_12_13.csv,match,EGG,360
HACHIS PORC-VEAU,5.58,2040841005589,2025-12-16,2025_12_16.csv,match,PORK,500
HACHIS PORC-VEAU,5.94,2040840005948,2025-12-16,2025_12_16.csv,match,PORK,500
HACHIS PORC-VEAU,13.26,2040847013267,2025-12-16,2025_12_16.csv,match,PORK,500
JEUNE POUSS MIX,1.69,540011238574,2025-12-16,2025_12_16.csv,ignore,,
"COURGETTES 0,700 KG",1.39,,2025-12-16,2025_12_16.csv,match,ZUCCHINI,700
450G DLL CRE 26/30,10.99,540060106350,2025-12-16,2025_12_16.csv,match,SHRIMP,450
450G DLL CRE 26/30,10.99,540060106350,2025-12-16,2025_12_16.csv,match,SHRIMP,450
PAQUET FRAIS PAD,6.89,540011757895,2025-12-16,2025_12_16.csv,match,RICE NOODLE,400
LIEGEOIS GOUT CAFE,2.59,540011215660,2025-12-16,2025_12_16.csv,match,COFFEE,
BIO BANANEN,2.59,401407169271,2025-12-16,2025_12_16.csv,match,BANANA,700
"CLEMENT A FEUILLES 1,225 KG",6.11,,2025-12-16,2025_12_16.csv,match,CLEMENTINE,1225
COLUMBUS OEUFS 6PC,3.85,541094600046,2025-12-16,2025_12_16.csv,match,EGG,360
COLUMBUS OEUFS 6PC,3.85,541094600046,2025-12-16,2025_12_16.csv,match,EGG,360
JAMBON CUIT AU FOU,4.2,2258760004204,2025-12-28,2025_12_28.csv,match,HAM,200
JAMBON CUIT AU FOU,4.17,2258760004174,2025-12-28,2025_12_28.csv,match,HAM,200
PR.SAN DANIELE,3.89,540011756586,2025-12-28,2025_12_28.csv,ignore,,
ROSETTE PURE PORC,2.05,540011272310,2025-12-28,2025_12_28.csv,ignore,,100.0
BIO GUACAMOLE DOUX,3.69,540011961698,2025-12-28,2025_12_28.csv,match,GUACAMOLE,
BIO GUACAMOLE DOUX,3.69,540011961698,2025-12-28,2025_12_28.csv,match,GUACAMOLE,
BIO GUACAMOLE DOUX,3.69,540011961698,2025-12-28,2025_12_28.csv,match,GUACAMOLE,
GAZPACHO 1L,5.65,842217401002,2025-12-28,2025_12_28.csv,match,VEGETABLE JUICE,1000
SAL BLE EMB 100GR,1.39,540011230202,2025-12-28,2025_12_28.csv,match,SALAD GREENS,100.0
SAL BLE EMB 100GR,1.39,540011230202,2025-12-28,2025_12_28.csv,match,SALAD GREENS,100.0
HET TRAAGSTE BROOD P,5.1,543000017740,2025-12-28,2025_12_28.csv,match,BREAD,400
HET TRAAGSTE BROOD P,5.1,543000017740,2025-12-28,2025_12_28.csv,match,BREAD,400
PETIT LION HOUM NA,0.95,540011960123,2025-12-28,2025_12_28.csv,match,HUMMUS,200
PETIT LION HOUM NA,0.95,540011960123,2025-12-28,2025_12_28.csv,match,HUMMUS,200
PETIT LION HOUM NA,0.95,540011960123,2025-12-28,2025_12_28.csv,match,HUMMUS,200
"TOM BELG GRAPP 1,300 KG",3.37,,2025-12-28,2025_12_28.csv,match,TOMATO,1300
"COURGETTES 0,730 KG",1.45,,2025-12-28,2025_12_28.csv,match,ZUCCHINI,730
125GR MESCLUN,1.99,540011236283,2025-12-28,2025_12_28.csv,match,SALAD GREENS,125
185G LAYS NATUREL,2.05,871039852408,2025-12-28,2025_12_28.csv,ignore,,185
AVOCAT 5X,7.25,540011956924,2025-12-28,2025_12_28.csv,match,AVOCADO,850
MANGUE,1.99,540011954346,2025-12-28,2025_12_28.csv,match,MANGO,400
MANGUE,1.99,540011954346,2025-12-28,2025_12_28.csv,match,MANGO,400
BOTTE POIREAU,2.09,542500984700,2025-12-28,2025_12_28.csv,match,LEEK,500
450G DLL POIS BIOL,1.29,540011127155,2025-12-28,2025_12_28.csv,match,PEA,450
"FENOUILS 0,475 KG",1.66,,2025-12-28,2025_12_28.csv,match,FENNEL,475
MANGUE,1.99,540011954346,2025-12-28,2025_12_28.csv,match,MANGO,400
MANGUE,1.99,540011954346,2025-12-28,2025_12_28.csv,match,MANGO,400
250G TORTELLO TOM,2.49,540011758830,2025-12-28,2025_12_28.csv,match,TORTELLINI,250.0
250G TORTELLO TOM,2.49,540011758830,2025-12-28,2025_12_28.csv,match,TORTELLINI,250.0
COLUMBUS OEUFS 6PC,3.85,541094600046,2025-12-28,2025_12_28.csv,match,EGG,360
COLUMBUS OEUFS 6PC,3.85,541094600046,2025-12-28,2025_12_28.csv,match,EGG,360
DANONE ACT FRAISES,2.45,541014641777,2025-12-28,2025_12_28.csv,match,YOGURT,500
HACHIS PORC-VEAU,5.26,2040841005268,2025-12-28,2025_12_28.csv,match,PORK,500
HACHIS PORC-VEAU,6.06,2040847006061,2025-12-28,2025_12_28.csv,match,PORK,500
HACHIS PORC-VEAU,11.27,2040842011275,2025-12-28,2025_12_28.csv,match,PORK,500
CAROTTES BIO,2.29,540011239500,2025-12-28,2025_12_28.csv,match,CARROT,500
"CLEMENT A FEUILLES 0,455 KG",2.27,,2025-12-28,2025_12_28.csv,match,CLEMENTINE,455
"CHIQUITA C BANANES 0,850 KG",2.12,,2025-12-28,2025_12_28.csv,match,BANANA,850
RAISIN MIX 500G,2.79,540011957956,2025-12-28,2025_12_28.csv,match,RAISIN,500.0
125GR MESCLUN,1.99,540011236283,2025-12-30,2025_12_30.csv,match,SALAD GREENS,125
PDT CHAIR FERME 1K 3X,8.37,540011956348,2025-12-30,2025_12_30.csv,match,POTATO,3000
PDT CHAIR FERME 1K,2.79,540011956348,2025-12-30,2025_12_30.csv,match,POTATO,1000
100GR JEUNES POUSS,1.19,540011236373,2025-12-31,2025_12_31.csv,match,SALAD GREENS,100
100GR JEUNES POUSS,1.19,540011236373,2025-12-31,2025_12_31.csv,match,SALAD GREENS,100
SAL BLE EMB 100GR,1.39,540011230202,2025-12-31,2025_12_31.csv,match,SALAD GREENS,100.0
HET TRAAGSTE BROOD P,5.1,543000017740,2025-12-31,2025_12_31.csv,match,BREAD,400
CARPACCIO,4.72,2043560004727,2025-12-31,2025_12_31.csv,match,BEEF,120
CARPACCIO,5.3,2043569005305,2025-12-31,2025_12_31.csv,match,BEEF,120
PREMIUM PLATEAU,20.47,2200475020475,2025-12-31,2025_12_31.csv,ignore,,
400G CORN ORIGINAL,5.95,871256624649,2025-12-31,2025_12_31.csv,match,CORN FLAKES,400
OIGNON VINAI.DEVO,1.75,541497211189,2025-12-31,2025_12_31.csv,match,PICKLED ONION,300
OIGNON VINAI.DEVO,1.75,541497211189,2025-12-31,2025_12_31.csv,match,PICKLED ONION,300
CARPACCIO,4.17,2043563004175,2026-01-04,2026_01_04.csv,match,BEEF,120
CARPACCIO,4.96,2043567004966,2026-01-04,2026_01_04.csv,match,BEEF,120
CARPACCIO,4.48,2043561004481,2026-01-04,2026_01_04.csv,match,BEEF,120
HACHIS PORC-VEAU,5.52,2040848005520,2026-01-04,2026_01_04.csv,match,PORK,500
HACHIS PORC-VEAU,5.84,2040841005848,2026-01-04,2026_01_04.csv,match,PORK,500
PDT NICOLA 1KG,2.79,540011237852,2026-01-04,2026_01_04.csv,match,POTATO,1000
HACHIS PORC-VEAU,5.91,2040848005919,2026-01-04,2026_01_04.csv,match,PORK,500
450G MINI ROSTI,2.69,540011375692,2026-01-04,2026_01_04.csv,ignore,,450.0
TOMATE SAV GRAPPE,4.19,540011232132,2026-01-04,2026_01_04.csv,match,TOMATO,
190G DEL CRISP AIL,3.15,730040048287,2026-01-04,2026_01_04.csv,match,CRACKER,190
450G MINI ROSTI,2.69,540011375692,2026-01-04,2026_01_04.csv,ignore,,450.0
600G GAUFFRE PDT,3.59,540011370075,2026-01-04,2026_01_04.csv,match,POTATO,600
750G MCC DUCHESSE,5.75,325683000505,2026-01-04,2026_01_04.csv,ignore,,750
CAROTTES BIO,2.29,540011239500,2026-01-04,2026_01_04.csv,match,CARROT,500
AVOCAT 3X,4.35,540011956924,2026-01-04,2026_01_04.csv,match,AVOCADO,510
HET TRAAGSTE BROOD P,5.1,543000017740,2026-01-04,2026_01_04.csv,match,BREAD,400
DANONE ACT FRAISES,2.45,541014641777,2026-01-04,2026_01_04.csv,match,YOGURT,500
HACHIS PORC-VEAU,10.15,2040843010154,2026-01-04,2026_01_04.csv,match,PORK,500
APPEL PINK LADY 6P,3.49,370047661163,2026-01-04,2026_01_04.csv,match,APPLE,900
HACHIS PORC-VEAU,5.49,2040844005494,2026-01-04,2026_01_04.csv,match,PORK,500
300G CRISPBR FIBRE,2.05,730040048173,2026-01-04,2026_01_04.csv,match,CRISPBREAD,300
FRUIT & LEGUMES,2.59,,2026-01-04,2026_01_04.csv,ignore,,
FILET PUR DE PORC,7.61,2040745007610,2026-01-04,2026_01_04.csv,match,PORK,300
FILET PUR DE PORC,7.77,2040746007770,2026-01-04,2026_01_04.csv,match,PORK,300
FILET DE POULET,11.14,2208572011143,2026-01-04,2026_01_04.csv,match,CHICKEN,1500
FILET DE POULET,10.33,2208572010337,2026-01-04,2026_01_04.csv,match,CHICKEN,1250
CIBOULETTE BIO,2.39,540011957593,2026-01-04,2026_01_04.csv,match,CHIVE,30
450G SKYR NATURE,2.55,401624104055,2026-01-04,2026_01_04.csv,match,YOGURT,450
ENTREM COMTE FRUIT,7.29,312393065013,2026-01-04,2026_01_04.csv,match,COMTE CHEESE,250
TOMATE CERISE GRAP,4.29,540011958191,2026-01-04,2026_01_04.csv,match,TOMATO,
RAISIN MIX 500G,2.79,540011957956,2026-01-04,2026_01_04.csv,match,RAISIN,500.0
BM 335G RHUBARBE,5.29,360858004773,2026-01-11,2026_01_11.csv,ignore,,335.0
675G MIRACOLI TRAD,5.09,400235902010,2026-01-11,2026_01_11.csv,match,PASTA,675
675G MIRACOLI TRAD,5.09,400235902010,2026-01-11,2026_01_11.csv,match,PASTA,675
190G PESTO ROQUET,3.99,807680954539,2026-01-11,2026_01_11.csv,match,PESTO,190
DLL CREME 1L,4.79,540011952225,2026-01-11,2026_01_11.csv,match,CREAM,1000
POMELO,2.79,,2026-01-11,2026_01_11.csv,ignore,,
"POIVRON ROUGE 0,655 KG",2.06,,2026-01-11,2026_01_11.csv,match,BELL PEPPER,655
DLL GRENADE,1.99,540011366901,2026-01-11,2026_01_11.csv,match,POMEGRANATE,300
JAMBON CUIT AU FOU,4.2,2258760004204,2026-01-11,2026_01_11.csv,match,HAM,200
PITCH CHOCOLAT 6X,2.49,325654999837,2026-01-11,2026_01_11.csv,match,BRIOCHE,190
JAMBON CUIT AU FOU,4.17,2258760004174,2026-01-11,2026_01_11.csv,match,HAM,200
HET TRAAGSTE BROOD P,5.1,543000017740,2026-01-11,2026_01_11.csv,match,BREAD,400
OIGNONS JAUNE 1KG,4.99,540011231492,2026-01-11,2026_01_11.csv,match,ONION,1000
"COURGETTES 0,730 KG",1.45,,2026-01-11,2026_01_11.csv,match,ZUCCHINI,730
MOZZARELLA 125,0.8,540060135955,2026-01-11,2026_01_11.csv,match,MOZZARELLA CHEESE,125
MOZZARELLA 125,0.8,540060135955,2026-01-11,2026_01_11.csv,match,MOZZARELLA CHEESE,125
MOZZARELLA 125,0.8,540060135955,2026-01-11,2026_01_11.csv,match,MOZZARELLA CHEESE,125
CARLSB BEURRE FT D,5.05,541115603113,2026-01-11,2026_01_11.csv,match,BUTTER,600
HACHIS BOEUF&PORC,5.06,2040858005060,2026-01-11,2026_01_11.csv,match,BEEF,500
HACHIS BOEUF&PORC,5.25,2040856005253,2026-01-11,2026_01_11.csv,match,BEEF,500
CARPACCIO,4.1,2043566004103,2026-01-11,2026_01_11.csv,match,BEEF,120
ENTREM COMTE FRUIT,7.29,312393065013,2026-01-11,2026_01_11.csv,match,COMTE CHEESE,250
100GR JEUNES POUSS,1.19,540011236373,2026-01-11,2026_01_11.csv,match,SALAD GREENS,100
250G TORTELLO TOM,2.49,540011758830,2026-01-11,2026_01_11.csv,match,TORTELLINI,250.0
TORTELLONI BASILI,2.49,540011758832,2026-01-11,2026_01_11.csv,match,TORTELLINI,250
250G TORTELLO TOM,2.49,540011758830,2026-01-11,2026_01_11.csv,match,TORTELLINI,250.0
MOZZARELLA 125,0.8,540060135955,2026-01-11,2026_01_11.csv,match,MOZZARELLA CHEESE,125
ENTR EMM RAPE 300G,5.35,312393071175,2026-01-11,2026_01_11.csv,match,EMMENTAL CHEESE,300
APPEL PINK LADY 6P,3.49,370047661163,2026-01-11,2026_01_11.csv,match,APPLE,900
CHOU-FLEUR,1.99,540011230633,2026-01-11,2026_01_11.csv,match,CAULIFLOWER,800
SALADE POULET ITAL,17.08,2040109017088,2026-01-11,2026_01_11.csv,match,CHICKEN,1000
"MANDARINE A FEUIL 0,870 KG",4.34,,2026-01-11,2026_01_11.csv,match,TANGERINE,870
250G TORTELLO TOM,2.49,540011758830,2026-01-11,2026_01_11.csv,match,TORTELLINI,250.0
HARICOTS 200G,1.79,616110745046,2026-01-11,2026_01_11.csv,match,GREEN BEAN,200
CHAMP.BRUN 250GR,1.99,540011952786,2026-01-11,2026_01_11.csv,match,MUSHROOM,250
CAROTTES BIO,2.29,540011239500,2026-01-11,2026_01_11.csv,match,CARROT,500
HARICOTS 200G,1.79,616110745046,2026-01-11,2026_01_11.csv,match,GREEN BEAN,200
"FENOUILS 0,520 KG",1.81,,2026-01-11,2026_01_11.csv,match,FENNEL,520
"CHIQUITA C BANANES 0,815 KG",2.03,,2026-01-11,2026_01_11.csv,match,BANANA,815
HET TRAAGSTE BROOD,4.7,543000017739,2026-01-14,2026_01_14.csv,match,BREAD,
BIO BANANEN,2.59,401407169271,2026-01-14,2026_01_14.csv,match,BANANA,700
400GR TOM.CERISES,3.99,540011232370,2026-01-14,2026_01_14.csv,match,TOMATO,400
AVOCAT 3X,4.35,540011956924,2026-01-14,2026_01_14.csv,match,AVOCADO,510
APPEL PINK LADY 6P,3.49,370047661163,2026-01-14,2026_01_14.csv,match,APPLE,900
400GR TOM.CERISES,3.99,540011232370,2026-01-14,2026_01_14.csv,match,TOMATO,400
400GR TOM.CERISES,3.99,540011232370,2026-01-14,2026_01_14.csv,match,TOMATO,400
400GR TOM.CERISES,3.99,540011232370,2026-01-14,2026_01_14.csv,match,TOMATO,400
100GR JEUNES POUSS,1.19,540011236373,2026-01-24,2026_01_24.csv,match,SALAD GREENS,100
100GR JEUNES POUSS,1.19,540011236373,2026-01-24,2026_01_24.csv,match,SALAD GREENS,100
SAL BLE EMB 100GR,1.39,540011230202,2026-01-24,2026_01_24.csv,match,SALAD GREENS,100.0
BIO BANANEN,2.59,401407169271,2026-01-24,2026_01_24.csv,match,BANANA,700
HACHIS PORC-VEAU,5.4,2040841005404,2026-01-24,2026_01_24.csv,match,PORK,500
HACHIS PORC-VEAU,5.45,2040848005452,2026-01-24,2026_01_24.csv,match,PORK,500
HACHIS PORC-VEAU,5.38,2040848005384,2026-01-24,2026_01_24.csv,match,PORK,500
HACHIS PORC-VEAU,5.4,2040841005404,2026-01-24,2026_01_24.csv,match,PORK,500
HACHIS PORC-VEAU,2.53,2040844002530,2026-01-24,2026_01_24.csv,match,PORK,500
HACHIS PORC-VEAU,2.41,2040846002415,2026-01-24,2026_01_24.csv,match,PORK,500
HACHIS PORC-VEAU,2.46,2040844002462,2026-01-24,2026_01_24.csv,match,PORK,500
HACHIS PORC-VEAU,2.38,2040840002381,2026-01-24,2026_01_24.csv,match,PORK,500
200GR HOUMOUS,2.19,540011759789,2026-01-24,2026_01_24.csv,match,HUMMUS,200
200GR HOUMOUS,2.19,540011759789,2026-01-24,2026_01_24.csv,match,HUMMUS,200
SAUM.ATL.NORV.130G,6.29,540011221840,2026-01-24,2026_01_24.csv,match,SMOKED SALMON,130
HACHIS PORC-VEAU,10.25,2040844010252,2026-01-24,2026_01_24.csv,match,PORK,500
HACHIS PORC-VEAU,10.04,2040840010041,2026-01-24,2026_01_24.csv,match,PORK,500
C.OR INTENSE NOIR,3.59,762240000675,2026-01-24,2026_01_24.csv,match,CHOCOLATE,100
DLL CREME 7% 25CL,0.81,540011958913,2026-01-24,2026_01_24.csv,match,CREAM,250
DLL CREME 7% 25CL,0.81,540011958913,2026-01-24,2026_01_24.csv,match,CREAM,250
DLL CREME 7% 25CL,0.81,540011958913,2026-01-24,2026_01_24.csv,match,CREAM,250
DLL CREME 7% 25CL,0.81,540011958913,2026-01-24,2026_01_24.csv,match,CREAM,250
CAROTTES BIO,2.29,540011239500,2026-01-24,2026_01_24.csv,match,CARROT,500
VIANDE FRAICHE,3.29,,2026-01-24,2026_01_24.csv,match,MEAT,250
VIANDE FRAICHE,3.04,,2026-01-24,2026_01_24.csv,match,MEAT,250
CORDON BLEU,4.54,2042216004548,2026-01-24,2026_01_24.csv,match,CHICKEN,250
C.OR INTENSE NOIR,3.59,762240000675,2026-01-24,2026_01_24.csv,match,CHOCOLATE,100
CORDON BLEU,4.88,2042215004884,2026-01-24,2026_01_24.csv,match,CHICKEN,250
ROSBIF,17.79,2040079017798,2026-01-24,2026_01_24.csv,match,BEEF,600
APPEL PINK LADY 6P,3.49,370047661163,2026-01-24,2026_01_24.csv,match,APPLE,900
DANONE ACT FRAISES,2.45,541014641777,2026-01-24,2026_01_24.csv,match,YOGURT,500
"SAN MARZANO 1,050 KG",4.08,,2026-01-24,2026_01_24.csv,match,TOMATO,1050
AVOCAT 4X,5.8,540011956924,2026-01-24,2026_01_24.csv,match,AVOCADO,680
4X50CL STEL CG CAN 3X,24.75,541022833685,2026-05-23,2026_05_23.csv,match,BEER,6000
8X50CL STELLA ARTO 3X,36.87,541022832699,2026-05-23,2026_05_23.csv,match,BEER,12000
DLL POMME DUCHESSE,1.63,540011375696,2026-05-23,2026_05_23.csv,match,POTATO,500
DLL POMME DUCHESSE,1.63,540011375696,2026-05-23,2026_05_23.csv,match,POTATO,500
UGLIES ROSTIS FOUS,3.15,541480700842,2026-05-23,2026_05_23.csv,match,POTATO,400
6X55ML MAGNUM ALMO,4.09,871132761192,2026-05-23,2026_05_23.csv,match,ICE CREAM,330
6X55ML MAGNUM ALMO,4.09,871132761192,2026-05-23,2026_05_23.csv,match,ICE CREAM,330
5+1X33CL JUPILER 2X,13.48,541022833745,2026-05-23,2026_05_23.csv,match,BEER,3960
1KG DLL PUREE PDT,1.99,540011372414,2026-05-23,2026_05_23.csv,match,POTATO,1000
450G DLL POIS BIOL,1.29,540011127155,2026-05-23,2026_05_23.csv,match,PEA,450
BIO YAOURT ENTIER,1.85,540011951698,2026-05-23,2026_05_23.csv,match,YOGURT,500
DANONE ACT FRAISES,2.45,541014641777,2026-05-23,2026_05_23.csv,match,YOGURT,500
DANONE ACT FRAISES,2.45,541014641777,2026-05-23,2026_05_23.csv,match,YOGURT,500
DANONE ACT FRAISES,2.45,541014641777,2026-05-23,2026_05_23.csv,match,YOGURT,500
450G DLL POIS BIOL,1.29,540011127155,2026-05-23,2026_05_23.csv,match,PEA,450
MINI BABYBEL,4.15,307378119029,2026-05-23,2026_05_23.csv,ignore,,
250G TORTELLO TOM,2.59,540011758830,2026-05-23,2026_05_23.csv,match,TORTELLINI,250.0
250G TORTELLO TOM,2.59,540011758830,2026-05-23,2026_05_23.csv,match,TORTELLINI,250.0
250G TORTELLO TOM,2.59,540011758830,2026-05-23,2026_05_23.csv,match,TORTELLINI,250.0
250G TORTELLO TOM,2.59,540011758830,2026-05-23,2026_05_23.csv,match,TORTELLINI,250.0
MOZZARELLA 125,0.79,540060135955,2026-05-23,2026_05_23.csv,match,MOZZARELLA CHEESE,125
PDT CHAIR FERME BI,4.69,541262100162,2026-05-23,2026_05_23.csv,match,POTATO,1500
100GR JEUNES POUSS,1.25,540011236373,2026-05-23,2026_05_23.csv,match,SALAD GREENS,100
CREPES DE BRUGES,4.29,541213400110,2026-05-23,2026_05_23.csv,match,CREPE,300
MOZZARELLA 125,0.79,540060135955,2026-05-23,2026_05_23.csv,match,MOZZARELLA CHEESE,125
MOZZARELLA 125,0.79,540060135955,2026-05-23,2026_05_23.csv,match,MOZZARELLA CHEESE,125
MOZZARELLA 125,0.79,540060135955,2026-05-23,2026_05_23.csv,match,MOZZARELLA CHEESE,125
MOZZARELLA 125,0.79,540060135955,2026-05-23,2026_05_23.csv,match,MOZZARELLA CHEESE,125
MOZZARELLA 125,0.79,540060135955,2026-05-23,2026_05_23.csv,match,MOZZARELLA CHEESE,125
DLL CREME 1L,4.79,540011952225,2026-05-23,2026_05_23.csv,match,CREAM,1000
100GR JEUNES POUSS,1.25,540011236373,2026-05-23,2026_05_23.csv,match,SALAD GREENS,100
BROCHETTE DE BOEUF,9.12,2043240009127,2026-05-23,2026_05_23.csv,match,BEEF,400
CHIPO MIX,4.29,2050513004291,2026-05-23,2026_05_23.csv,match,SAUSAGE,400
CHIPO MIX,4.63,2050515004633,2026-05-23,2026_05_23.csv,match,SAUSAGE,400
BROCHETTE DE BOEUF,8.37,2043241008372,2026-05-23,2026_05_23.csv,match,BEEF,400
600G GAUFFRE PDT,3.85,540011370075,2026-05-23,2026_05_23.csv,match,POTATO,600
TOMATE CERISE GRAP,4.49,540011958191,2026-05-23,2026_05_23.csv,match,TOMATO,
TOMATE CERISE GRAP,4.49,540011958191,2026-05-23,2026_05_23.csv,match,TOMATO,
6 SM WRAP TORTILLA,3.15,731131031287,2026-05-23,2026_05_23.csv,match,FLOUR TORTILLA,180
PETIT LION HOUM NA,0.95,540011960123,2026-05-23,2026_05_23.csv,match,HUMMUS,200
PETIT LION HOUM NA,0.95,540011960123,2026-05-23,2026_05_23.csv,match,HUMMUS,200
BROCHETTE POULET MAR,12.21,2051858012217,2026-05-23,2026_05_23.csv,match,CHICKEN,800
BROCHETTE POULET MAR,8.42,2051854008429,2026-05-23,2026_05_23.csv,match,CHICKEN,800
PETIT LION HOUM NA,0.95,540011960123,2026-05-23,2026_05_23.csv,match,HUMMUS,200
MYRTILLES 300GR,5.75,540011960804,2026-05-23,2026_05_23.csv,match,BLUEBERRY,300
RAISIN MIX 500G,2.79,540011957956,2026-05-23,2026_05_23.csv,match,RAISIN,500.0
SAL BLE EMB 100GR,1.39,540011230202,2026-05-23,2026_05_23.csv,match,SALAD GREENS,100.0
SAL BLE EMB 100GR,1.39,540011230202,2026-05-23,2026_05_23.csv,match,SALAD GREENS,100.0
100GR JEUNES POUSS,1.25,540011236373,2026-05-23,2026_05_23.csv,match,SALAD GREENS,100
LARD MARINE PAPRIK,6.05,2047593006055,2026-05-23,2026_05_23.csv,match,BACON,350
STEAK MARINE,6.51,2044493006512,2026-05-23,2026_05_23.csv,match,BEEF,300
MY MENU CURRY MADR,6.19,540011236823,2026-05-23,2026_05_23.csv,match,CURRY,400
CHOU BLANC COUPE,0.99,540011957237,2026-05-23,2026_05_23.csv,match,CABBAGE,500
330G SOFT TORTILLA,3.49,872720050200,2026-05-23,2026_05_23.csv,match,FLOUR TORTILLA,330
BANANES 1KG,1.29,540011958511,2026-05-23,2026_05_23.csv,match,BANANA,1000
250G DLL TORT RIC,2.49,540011758881,2026-05-23,2026_05_23.csv,match,TORTELLINI,250
250G DLL TORT RIC,2.49,540011758881,2026-05-23,2026_05_23.csv,match,TORTELLINI,250
250G DLL TORT RIC,2.49,540011758881,2026-05-23,2026_05_23.csv,match,TORTELLINI,250
250G DLL TORT RIC,2.49,540011758881,2026-05-23,2026_05_23.csv,match,TORTELLINI,250
6PC POMME PINK LAD,3.65,370047661160,2026-05-23,2026_05_23.csv,match,APPLE,900
6PC POMME PINK LAD,3.65,370047661160,2026-05-23,2026_05_23.csv,match,APPLE,900
CAROTTES BIO,2.09,540011239500,2026-05-23,2026_05_23.csv,match,CARROT,500
SAUM.ATL.NORV.130G,6.29,540011221840,2026-05-23,2026_05_23.csv,match,SMOKED SALMON,130
SAUM.ATL.NORV.130G,6.29,540011221840,2026-05-23,2026_05_23.csv,match,SMOKED SALMON,130
PROSC CRUDO ITALIA,8.95,801944000292,2026-05-23,2026_05_23.csv,match,PROSCIUTTO,100
SAC A PAIN AVERBO,3.35,541068380833,2026-05-23,2026_05_23.csv,match,BREAD,800
JAMBON CUIT AU FOU,4.2,2258760004204,2026-05-23,2026_05_23.csv,match,HAM,200
JAMBON CUIT AU FOU,4.17,2258760004174,2026-05-23,2026_05_23.csv,match,HAM,200
JAMBON CUIT AU FOU,4.23,2258760004235,2026-05-23,2026_05_23.csv,match,HAM,200
SALAMI POIVRE,3.43,2200575003439,2026-05-23,2026_05_23.csv,match,SALAMI,150
OEUFS COLUMBUS,3.85,541094600046,2026-05-23,2026_05_23.csv,match,EGG,360
ECHALOTES 500G,1.29,540011958508,2026-05-23,2026_05_23.csv,match,SHALLOT,500
SAC PAIN CLASS. N4,2.59,540011181904,2026-05-23,2026_05_23.csv,match,BREAD,800
GRENAILLE PDT 1KG,2.79,540011237880,2026-05-23,2026_05_23.csv,match,POTATO,1000
SAC A PAIN TRADITI,3.35,540011181906,2026-05-23,2026_05_23.csv,match,BREAD,800
MANGUE 3X,5.97,540011954346,2026-05-23,2026_05_23.csv,match,MANGO,1200
SAC,0.85,501520032502,2026-05-23,2026_05_23.csv,ignore,,
AVOCAT 3X,4.35,540011956924,2026-05-23,2026_05_23.csv,match,AVOCADO,510
"NECTARINE BLANCHE 0,738 KG",5.16,,2026-05-23,2026_05_23.csv,match,NECTARINE,738
650G NOCCIOLAT BIO,9.95,805257509038,2026-06-07,2026_06_07.csv,match,CHOCOLATE HAZELNUT SPREAD,650
400G NUTELLA,3.59,301762042200,2026-06-07,2026_06_07.csv,match,CHOCOLATE HAZELNUT SPREAD,400
SAC PAIN CLASS. N4,2.59,540011181904,2026-06-07,2026_06_07.csv,match,BREAD,800
DLL GRENADE,2.09,540011366901,2026-06-07,2026_06_07.csv,match,POMEGRANATE,300
750G DLL FRAMBOISE,5.49,540011370314,2026-06-07,2026_06_07.csv,match,RASPBERRY,750
SAL BLE EMB 100GR,1.39,540011230202,2026-06-07,2026_06_07.csv,match,SALAD GREENS,100.0
200GR EPINARD JEU,2.09,540011235182,2026-06-07,2026_06_07.csv,match,SPINACH,200
COURGETTE 1PC BIO 3X,4.65,540011959958,2026-06-07,2026_06_07.csv,match,ZUCCHINI,750
OEUFS FRAIS BIO 12PC,6.79,541998001392,2026-06-07,2026_06_07.csv,match,EGG,720
365 CREPES 600G,1.79,540011959694,2026-06-07,2026_06_07.csv,match,CREPE,600
BACON NOBLE,4.39,2205502004398,2026-06-07,2026_06_07.csv,match,BACON,150
JAMBON DEGRAISSE,4.05,2200784004050,2026-06-07,2026_06_07.csv,match,HAM,200
JAMBON DEGRAISSE,4.0,2200784004005,2026-06-07,2026_06_07.csv,match,HAM,200
SALAMI POIVRE,2.29,540011958046,2026-06-07,2026_06_07.csv,match,SALAMI,150
RISTORANTE MOZZARE,2.65,400172403911,2026-06-07,2026_06_07.csv,match,PIZZA CRUST,335
RISTORANTE MOZZARE,2.65,400172403911,2026-06-07,2026_06_07.csv,match,PIZZA CRUST,335
CHOU FLEUR BIO,4.19,540011239470,2026-06-07,2026_06_07.csv,match,CAULIFLOWER,800
CAROTTES BIO,2.09,540011239500,2026-06-07,2026_06_07.csv,match,CARROT,500
OEUFS COLUMBUS,3.85,541094600046,2026-06-07,2026_06_07.csv,match,EGG,360
MEDAILLON DE VEAU,5.54,2040317005549,2026-06-07,2026_06_07.csv,match,VEAL,200
MEDAILLON DE VEAU,9.35,2040313009350,2026-06-07,2026_06_07.csv,match,VEAL,200
MEDAILLON DE VEAU,9.35,2040313009350,2026-06-07,2026_06_07.csv,match,VEAL,200
MEDAILLON DE VEAU,8.68,2040318008686,2026-06-07,2026_06_07.csv,match,VEAL,200
DANONE ACT FRAISES,2.45,541014641777,2026-06-07,2026_06_07.csv,match,YOGURT,500
500G CRUNCHY CHOCO,6.99,543000099233,2026-06-07,2026_06_07.csv,match,CEREAL,500
OIKOS YOGH ENT 480,3.49,541014641761,2026-06-07,2026_06_07.csv,match,YOGURT,480
200GR HOUMOUS,2.29,540011759789,2026-06-07,2026_06_07.csv,match,HUMMUS,200
200GR HOUMOUS,2.29,540011759789,2026-06-07,2026_06_07.csv,match,HUMMUS,200
200GR HOUMOUS,2.29,540011759789,2026-06-07,2026_06_07.csv,match,HUMMUS,200
200GR HOUMOUS,2.29,540011759789,2026-06-07,2026_06_07.csv,match,HUMMUS,200
"AUBERGINES 0,694 KG",1.87,,2026-06-07,2026_06_07.csv,match,EGGPLANT,694
QUICHE JAM/POIREAU,6.09,540011954758,2026-06-07,2026_06_07.csv,match,PIE CRUST,450
DLL PIZZA MARGHERI,6.29,540011961895,2026-06-07,2026_06_07.csv,match,PIZZA CRUST,400
DLL PIZZA MARGHERI,6.29,540011961895,2026-06-07,2026_06_07.csv,match,PIZZA CRUST,400
ACTIVIA YOG ENT NA,3.15,541014641600,2026-06-07,2026_06_07.csv,match,YOGURT,150
AVOCAT 6X,8.7,540011956924,2026-06-07,2026_06_07.csv,match,AVOCADO,1020
ORANGES 4P,3.45,540011234632,2026-06-07,2026_06_07.csv,ignore,,800.0
MOZZARELLA MAXI,2.85,800043013526,2026-06-07,2026_06_07.csv,match,MOZZARELLA CHEESE,250
COMTE BIO,7.47,2200235007470,2026-06-07,2026_06_07.csv,match,COMTE CHEESE,300
D365 CREME 20 CL,0.79,540011960044,2026-06-07,2026_06_07.csv,match,CREAM,200
D365 CREME 20 CL,0.79,540011960044,2026-06-07,2026_06_07.csv,match,CREAM,200
D365 CREME 20 CL,0.79,540011960044,2026-06-07,2026_06_07.csv,match,CREAM,200
MANGUE 3X,5.97,540011954346,2026-06-07,2026_06_07.csv,match,MANGO,1200
150G PARMI REG BIO,6.29,540011953572,2026-06-07,2026_06_07.csv,match,PARMESAN CHEESE,150
150G PARMI REG BIO,6.29,540011953572,2026-06-07,2026_06_07.csv,match,PARMESAN CHEESE,150
BODART BEURRE 250G,4.39,541060301506,2026-06-07,2026_06_07.csv,match,BUTTER,250
BODART BEURRE 250G,4.39,541060301506,2026-06-07,2026_06_07.csv,match,BUTTER,250
SAC A PAIN TRADITI,3.35,540011181906,2026-06-07,2026_06_07.csv,match,BREAD,800
"AUBERGINES 1,476 KG",3.97,,2026-06-07,2026_06_07.csv,match,EGGPLANT,1476
MOZZARELLA MAXI,2.85,800043013526,2026-06-07,2026_06_07.csv,match,MOZZARELLA CHEESE,250
MOZZARELLA MAXI,2.85,800043013526,2026-06-07,2026_06_07.csv,match,MOZZARELLA CHEESE,250
MOZZARELLA MAXI,2.85,800043013526,2026-06-07,2026_06_07.csv,match,MOZZARELLA CHEESE,250
TOMATE CERISE GRAP,4.49,540011958191,2026-06-07,2026_06_07.csv,match,TOMATO,
TOMATE CERISE GRAP,4.49,540011958191,2026-06-07,2026_06_07.csv,match,TOMATO,
TOMATE CERISE GRAP,4.49,540011958191,2026-06-07,2026_06_07.csv,match,TOMATO,
6PC POMME ROYAL GA,2.59,540011960133,2026-06-07,2026_06_07.csv,match,APPLE,900
6PC POMME ROYAL GA,2.59,540011960133,2026-06-07,2026_06_07.csv,match,APPLE,900
FRAISE 400GR,4.69,540011960114,2026-06-07,2026_06_07.csv,match,STRAWBERRY,400
"MINI PASTEQUE 1,900 KG",4.73,,2026-06-07,2026_06_07.csv,match,WATERMELON,1900
8X50CL STELLA ARTO,12.29,541022832699,2026-06-15,2026_06_15.csv,match,BEER,4000
LL CHOCO MOUSSE,3.09,302329063323,2026-06-15,2026_06_15.csv,match,PUDDING,240
6X55ML MAGNUM ALMO,4.09,871132761192,2026-06-15,2026_06_15.csv,match,ICE CREAM,330
CHOU FLEUR BIO,4.19,540011239470,2026-06-15,2026_06_15.csv,match,CAULIFLOWER,800
POIREAUX BIO,4.49,540011239612,2026-06-15,2026_06_15.csv,match,LEEK,1250
6PC POMME PINK LAD,3.65,370047661160,2026-06-15,2026_06_15.csv,match,APPLE,900
SAUMON ATL FUME DL,4.39,540060135958,2026-06-15,2026_06_15.csv,match,SMOKED SALMON,150
6PC POMME PINK LAD,3.65,370047661160,2026-06-15,2026_06_15.csv,match,APPLE,900
SAC A PAIN AVERBO,3.35,541068380833,2026-06-15,2026_06_15.csv,match,BREAD,800
LIEGEOIS GOUT CAFE,2.59,540011960591,2026-06-15,2026_06_15.csv,match,COFFEE,
200GR HOUMOUS,2.29,540011759789,2026-06-15,2026_06_15.csv,match,HUMMUS,200
200GR HOUMOUS,2.29,540011759789,2026-06-15,2026_06_15.csv,match,HUMMUS,200
BIO PDT GRENA 1KG,3.89,540011239794,2026-06-15,2026_06_15.csv,match,POTATO,1000
MYRTILLES 300GR,5.75,540011960804,2026-06-15,2026_06_15.csv,match,BLUEBERRY,300
LASAGNE BOLO 1KG,3.49,540011763215,2026-06-15,2026_06_15.csv,match,PASTA,1000
MOZZARELLA 125 6X,4.74,540060135955,2026-06-15,2026_06_15.csv,match,MOZZARELLA CHEESE,750
DLL PIZZA PROSC CO,6.69,540011961913,2026-06-15,2026_06_15.csv,match,PIZZA CRUST,400
DLL PIZZA PROSC CO,6.69,540011961913,2026-06-15,2026_06_15.csv,match,PIZZA CRUST,400
HACHIS PORC-VEAU,5.0,2040846005003,2026-06-15,2026_06_15.csv,match,PORK,500
HACHIS PORC-VEAU,4.85,2040842004857,2026-06-15,2026_06_15.csv,match,PORK,500
HACHIS,11.05,2047273011058,2026-06-15,2026_06_15.csv,match,BEEF,400
175GR JEUNES POUSS,2.39,540011236163,2026-06-15,2026_06_15.csv,ignore,,175.0
QUICHE JAM/POIREAU,6.09,540011954758,2026-06-15,2026_06_15.csv,match,PIE CRUST,450
QUICHE TOMA MOZZA,6.09,540011954760,2026-06-15,2026_06_15.csv,match,PIE CRUST,400
QUICHE JAM/POIREAU,6.09,540011954758,2026-06-15,2026_06_15.csv,match,PIE CRUST,450
CAROTTES BIO,2.09,540011239500,2026-06-15,2026_06_15.csv,match,CARROT,500
HET TRAAGSTE BROOD,4.9,543000017740,2026-06-15,2026_06_15.csv,match,BREAD,
SAL BLE EMB 100GR,1.39,540011230202,2026-06-15,2026_06_15.csv,match,SALAD GREENS,100.0
SAL BLE EMB 100GR,1.39,540011230202,2026-06-15,2026_06_15.csv,match,SALAD GREENS,100.0
175GR JEUNES POUSS,2.39,540011236163,2026-06-15,2026_06_15.csv,ignore,,175.0
SAC PAIN CLASS. N4,2.59,540011181904,2026-06-15,2026_06_15.csv,match,BREAD,800
OEUFS COLUMBUS,3.85,541094600046,2026-06-15,2026_06_15.csv,match,EGG,360
"CHIQUITA C BANANES 1,124 KG",2.91,,2026-06-15,2026_06_15.csv,match,BANANA,1124
"BIO PATATE DOUCE 1,624 KG",7.29,,2026-06-15,2026_06_15.csv,match,SWEET POTATO,1624
SAC MINI POMME BIO,3.19,540011760421,2026-06-15,2026_06_15.csv,match,APPLE,1000
CAMP FROM FR ENT,4.59,871280000060,2026-06-15,2026_06_15.csv,match,BREAD,500
CONFERENCE 4PC,1.79,540011956978,2026-06-15,2026_06_15.csv,ignore,,
"NECTARINE JAUNE 0,588 KG",4.11,,2026-06-15,2026_06_15.csv,match,NECTARINE,588
AVOCAT 2X,2.9,540011956924,2026-06-15,2026_06_15.csv,match,AVOCADO,340
AVOCAT 4X,5.8,540011956924,2026-06-15,2026_06_15.csv,match,AVOCADO,680
MANGUE 2X,3.98,540011954346,2026-06-15,2026_06_15.csv,match,MANGO,800
JAMBON A L'OS MAGI,5.09,541045900001,2026-06-21,2026_06_21.csv,match,HAM,200
JAMBON A L'OS MAGI,5.09,541045900001,2026-06-21,2026_06_21.csv,match,HAM,200
HACHIS BOEUF&PORC,4.27,2040854004272,2026-06-21,2026_06_21.csv,match,BEEF,500
HACHIS,10.46,2047271010466,2026-06-21,2026_06_21.csv,match,BEEF,400
HACHIS,11.15,2047272011158,2026-06-21,2026_06_21.csv,match,BEEF,400
400G NOCC SPR BIO,7.25,805257509300,2026-06-21,2026_06_21.csv,match,CHOCOLATE HAZELNUT SPREAD,400
360G CRUNCH NO/CAC,4.89,360858015601,2026-06-21,2026_06_21.csv,match,CEREAL,360
360G CRUNCH NO/CAC,4.89,360858015601,2026-06-21,2026_06_21.csv,match,CEREAL,360
190G THIN ROMARIN,2.59,730040048262,2026-06-21,2026_06_21.csv,match,CRACKER,190.0
190G THIN ROMARIN,2.59,730040048262,2026-06-21,2026_06_21.csv,match,CRACKER,190.0
1KG TRESOR MILK,7.89,505008354241,2026-06-21,2026_06_21.csv,match,MILK,1000
DANONE FRUIX 4X125,2.99,541014641711,2026-06-21,2026_06_21.csv,match,YOGURT,500
190G DEL CRISP AIL,3.29,730040048287,2026-06-21,2026_06_21.csv,match,CRACKER,190
ENTRM COMTE 8TR 12,5.55,312393061777,2026-06-21,2026_06_21.csv,match,COMTE CHEESE,120
TOWELS FOR ALL USE,5.37,541325515432,2026-06-21,2026_06_21.csv,ignore,,
125GR MESCLUN,2.09,540011236283,2026-06-21,2026_06_21.csv,match,SALAD GREENS,125
JEUNES POUSSES,1.69,540011238574,2026-06-21,2026_06_21.csv,match,SALAD GREENS,100
SOUVLAKI AGNEAU,7.07,2052721007071,2026-06-21,2026_06_21.csv,match,LAMB,250
SOUVLAKI AGNEAU,6.65,2052729006656,2026-06-21,2026_06_21.csv,match,LAMB,250
SOUVLAKI AGNEAU,6.51,2052723006515,2026-06-21,2026_06_21.csv,match,LAMB,250
SOUVLAKI AGNEAU,6.51,2052723006515,2026-06-21,2026_06_21.csv,match,LAMB,250
2XECLAIR CHOCOLAT,2.89,540011219003,2026-06-21,2026_06_21.csv,match,CHOUX PASTRY,150
CHATEAUBRIAND,6.45,2040047006458,2026-06-21,2026_06_21.csv,match,BEEF,250
CHATEAUBRIAND,7.17,2040040007179,2026-06-21,2026_06_21.csv,match,BEEF,250
SAC PAIN CLASS. N4,2.59,540011181904,2026-06-21,2026_06_21.csv,match,BREAD,800
RAISIN ROUGE SA PE,2.69,540011233672,2026-06-21,2026_06_21.csv,match,RAISIN,
MOZZARELLA 125GR,1.39,800043013303,2026-06-21,2026_06_21.csv,match,MOZZARELLA CHEESE,125
MOZZARELLA 125GR,1.39,800043013303,2026-06-21,2026_06_21.csv,match,MOZZARELLA CHEESE,125
MOZZARELLA 125GR,1.39,800043013303,2026-06-21,2026_06_21.csv,match,MOZZARELLA CHEESE,125
CAROTTES BIO,2.09,540011239500,2026-06-21,2026_06_21.csv,match,CARROT,500
MINI GRENAILLES 50,1.89,540011238013,2026-06-21,2026_06_21.csv,match,POTATO,500
GAROF MOZZA BUFA D,3.79,801678400092,2026-06-21,2026_06_21.csv,match,MOZZARELLA CHEESE,125
GAROF MOZZA BUFA D,3.79,801678400092,2026-06-21,2026_06_21.csv,match,MOZZARELLA CHEESE,125
MANGUE,1.99,540011954346,2026-06-21,2026_06_21.csv,match,MANGO,400
MANGUE,1.99,540011954346,2026-06-21,2026_06_21.csv,match,MANGO,400
MANGUE,1.99,540011954346,2026-06-21,2026_06_21.csv,match,MANGO,400
"CHIQUITA C BANANES 1,048 KG",2.71,,2026-06-21,2026_06_21.csv,match,BANANA,1048
"TOM BELG GRAPP 1,574 KG",3.45,,2026-06-21,2026_06_21.csv,match,TOMATO,1574
SCE BRAZIL DLL TD,1.45,540011376080,2026-06-21,2026_06_21.csv,match,MAYONNAISE,300
125GR MESCLUN,2.09,540011236283,2026-06-21,2026_06_21.csv,match,SALAD GREENS,125
100GR JEUNES POUSS,1.19,540011236373,2026-06-21,2026_06_21.csv,match,SALAD GREENS,100
"NECTARINE JAUNE 0,996 KG",6.96,,2026-06-21,2026_06_21.csv,match,NECTARINE,996
AVOCAT,1.45,540011956924,2026-06-21,2026_06_21.csv,match,AVOCADO,
AVOCAT,1.45,540011956924,2026-06-21,2026_06_21.csv,match,AVOCADO,
AVOCAT,1.45,540011956924,2026-06-21,2026_06_21.csv,match,AVOCADO,
AVOCAT,1.45,540011956924,2026-06-21,2026_06_21.csv,match,AVOCADO,
AVOCAT,1.45,540011956924,2026-06-21,2026_06_21.csv,match,AVOCADO,
GALBANI CROCC MOZZ,3.69,322802317010,2026-06-30,2026_06_30.csv,match,MOZZARELLA CHEESE,125
ENTREMONT EMMENTAL,6.99,312393061238,2026-06-30,2026_06_30.csv,match,EMMENTAL CHEESE,400
ENTREM COMTE FRUIT,7.45,312393065013,2026-06-30,2026_06_30.csv,match,COMTE CHEESE,250
365 LASAGNE 400G,1.45,540060135981,2026-06-30,2026_06_30.csv,match,PASTA,400
DANONE ACT FRAISES,2.45,541014641777,2026-06-30,2026_06_30.csv,match,YOGURT,500
150G MEVGAL,1.35,520108333841,2026-06-30,2026_06_30.csv,match,YOGURT,150
DANONE ACT FRAISES,2.45,541014641777,2026-06-30,2026_06_30.csv,match,YOGURT,500
PREMIUM PEPPER BUN,2.99,590262023945,2026-06-30,2026_06_30.csv,match,BREAD,300
MOZZARELLA 125,0.69,540060135955,2026-06-30,2026_06_30.csv,match,MOZZARELLA CHEESE,125
MOZZARELLA 125,0.69,540060135955,2026-06-30,2026_06_30.csv,match,MOZZARELLA CHEESE,125
MOZZARELLA 125,0.69,540060135955,2026-06-30,2026_06_30.csv,match,MOZZARELLA CHEESE,125
MOZZARELLA 125,0.69,540060135955,2026-06-30,2026_06_30.csv,match,MOZZARELLA CHEESE,125
MOZZARELLA 125,0.69,540060135955,2026-06-30,2026_06_30.csv,match,MOZZARELLA CHEESE,125
MOZZARELLA 125,0.69,540060135955,2026-06-30,2026_06_30.csv,match,MOZZARELLA CHEESE,125
MOZZARELLA 125,0.69,540060135955,2026-06-30,2026_06_30.csv,match,MOZZARELLA CHEESE,125
DANONE FRUIX 4X125,2.99,541014641711,2026-06-30,2026_06_30.csv,match,YOGURT,500
PREMIUM PEPPER BUN,2.99,590262023945,2026-06-30,2026_06_30.csv,match,BREAD,300
SAC PAIN BIO,3.15,540011181901,2026-06-30,2026_06_30.csv,match,BREAD,800
LINDAHLS SALAD CHE,3.09,541320999342,2026-06-30,2026_06_30.csv,match,FETA CHEESE,150
DLL PIZZA MARGHERI,6.29,540011961895,2026-06-30,2026_06_30.csv,match,PIZZA CRUST,400
DLL PIZZA MARGHERI,6.29,540011961895,2026-06-30,2026_06_30.csv,match,PIZZA CRUST,400
DLL PIZZA MARGHERI,6.29,540011961895,2026-06-30,2026_06_30.csv,match,PIZZA CRUST,400
CONF.NOSTALGIE,4.39,541004600860,2026-06-30,2026_06_30.csv,match,JAM,300
QUICHE JAM/POIREAU,6.09,540011954758,2026-06-30,2026_06_30.csv,match,PIE CRUST,450
HACHIS PORC-VEAU,11.87,2040848011873,2026-06-30,2026_06_30.csv,match,PORK,500
JAMBON DEGRAISSE,3.95,2200784003954,2026-06-30,2026_06_30.csv,match,HAM,200
JAMBON DEGRAISSE,3.95,2200784003954,2026-06-30,2026_06_30.csv,match,HAM,200
HACHIS PORC-VEAU,12.27,2040841012273,2026-06-30,2026_06_30.csv,match,PORK,500
HACHIS PORC-VEAU,11.89,2040847011898,2026-06-30,2026_06_30.csv,match,PORK,500
6PC POMME ROYAL GA,2.59,540011960133,2026-06-30,2026_06_30.csv,match,APPLE,900
HACHIS PORC-VEAU,14.34,2040848014348,2026-06-30,2026_06_30.csv,match,PORK,500
HACHIS PORC-VEAU,12.86,2040843012868,2026-06-30,2026_06_30.csv,match,PORK,500
HACHIS PORC-VEAU,12.51,2040840012519,2026-06-30,2026_06_30.csv,match,PORK,500
BURGER 100 % DE BO,3.75,2040942003750,2026-06-30,2026_06_30.csv,ignore,,
BURGER 100 % DE BO,3.96,2040948003969,2026-06-30,2026_06_30.csv,ignore,,
BURGER 100 % DE BO,3.75,2040942003750,2026-06-30,2026_06_30.csv,ignore,,
BURGER 100 % DE BO,3.79,2040949003791,2026-06-30,2026_06_30.csv,ignore,,
CARPACCIO,3.72,2043563003727,2026-06-30,2026_06_30.csv,match,BEEF,120
CARPACCIO,3.42,2043560003423,2026-06-30,2026_06_30.csv,match,BEEF,120
175GR JEUNES POUSS,2.39,540011236163,2026-06-30,2026_06_30.csv,ignore,,175.0
MINI GRENAILLES 50,1.89,540011238013,2026-06-30,2026_06_30.csv,match,POTATO,500
SAUM.ATL.NORV.130G,6.29,540011221840,2026-06-30,2026_06_30.csv,match,SMOKED SALMON,130
BLE+BETTERA 100GR,1.69,540011235122,2026-06-30,2026_06_30.csv,match,WHEAT,100
MS B SET VOYAGE 6P,7.75,871211363206,2026-06-30,2026_06_30.csv,ignore,,
SAC PAIN CLASS. N4,2.59,540011181904,2026-06-30,2026_06_30.csv,match,BREAD,800
400G NUTELLA,3.59,301762042200,2026-06-30,2026_06_30.csv,match,CHOCOLATE HAZELNUT SPREAD,400
CONF.NOSTALGIE,4.39,541004600860,2026-06-30,2026_06_30.csv,match,JAM,300
250G NOCCIOLAT BIO,4.79,805257509039,2026-06-30,2026_06_30.csv,ignore,,250.0
400G NUTELLA,3.59,301762042200,2026-06-30,2026_06_30.csv,match,CHOCOLATE HAZELNUT SPREAD,400
KIWI JAUNE,6.29,540011957673,2026-06-30,2026_06_30.csv,match,KIWI,800
BANANES 1KG,1.29,540011958511,2026-06-30,2026_06_30.csv,match,BANANA,1000
MANGUE 2X,3.98,540011954346,2026-06-30,2026_06_30.csv,match,MANGO,800
RAISIN ROUGE SA PE,2.69,540011233672,2026-06-30,2026_06_30.csv,match,RAISIN,
"NECTARINE JAUNE 0,772 KG",4.62,,2026-06-30,2026_06_30.csv,match,NECTARINE,772
AVOCAT 6X,8.7,540011956924,2026-06-30,2026_06_30.csv,match,AVOCADO,1020
CAROTTES BIO,2.09,540011239500,2026-06-30,2026_06_30.csv,match,CARROT,500
JONAGOLD 6PC,2.19,540011235000,2026-06-30,2026_06_30.csv,match,APPLE,900
FILET DE POULET,10.43,2208572010436,2026-06-30,2026_06_30.csv,match,CHICKEN,1250
FILET POITRINE POU,10.35,2208813010355,2026-06-30,2026_06_30.csv,match,CHICKEN,1000
CAMP FROM FR ENT,4.59,871280000060,2026-07-05,2026_07_05.csv,match,BREAD,500
STEAK MARINE,5.51,2044494005514,2026-07-05,2026_07_05.csv,match,BEEF,300
STEAK MARINE,5.51,2044494005514,2026-07-05,2026_07_05.csv,match,BEEF,300
STEAK MARINE,6.93,2044494006931,2026-07-05,2026_07_05.csv,match,BEEF,300
BRUNIR/SERVIR VEAU,7.28,2040307007287,2026-07-05,2026_07_05.csv,match,VEAL,300
BRUNIR/SERVIR VEAU,6.77,2040307006778,2026-07-05,2026_07_05.csv,match,VEAL,300
SALADE DE BLE,0.99,540011230790,2026-07-05,2026_07_05.csv,match,SALAD GREENS,100
175GR JEUNES POUSS,2.39,540011236163,2026-07-05,2026_07_05.csv,ignore,,175.0
MANGUE 3X,5.97,540011954346,2026-07-05,2026_07_05.csv,match,MANGO,1200
SALADE DE BLE,0.99,540011230790,2026-07-05,2026_07_05.csv,match,SALAD GREENS,100
175GR JEUNES POUSS,2.39,540011236163,2026-07-05,2026_07_05.csv,ignore,,175.0
DLL PIZZA MOZZA PE,6.79,540011961897,2026-07-05,2026_07_05.csv,match,PIZZA CRUST,400
DLL PIZZA MOZZA PE,6.79,540011961897,2026-07-05,2026_07_05.csv,match,PIZZA CRUST,400
QUICHE LORRAINE,4.69,540011756801,2026-07-05,2026_07_05.csv,match,PIE CRUST,400
DLL POMME DUCHESSE,1.63,540011375696,2026-07-05,2026_07_05.csv,match,POTATO,500
450G DLL POIS BIOL,1.29,540011127155,2026-07-05,2026_07_05.csv,match,PEA,450
DANONE ACT FRAISES,2.45,541014641777,2026-07-05,2026_07_05.csv,match,YOGURT,500
DANONE ACT FRAISES,2.45,541014641777,2026-07-05,2026_07_05.csv,match,YOGURT,500
OEUFS COLUMBUS,3.85,541094600046,2026-07-05,2026_07_05.csv,match,EGG,360
BANANES 1KG,1.29,540011958511,2026-07-05,2026_07_05.csv,match,BANANA,1000
OEUFS COLUMBUS,3.85,541094600046,2026-07-05,2026_07_05.csv,match,EGG,360
450G DLL POIS BIOL,1.29,540011127155,2026-07-05,2026_07_05.csv,match,PEA,450
MINI GRENAILLES 50,1.89,540011238013,2026-07-05,2026_07_05.csv,match,POTATO,500
OEUFS COLUMBUS,3.85,541094600046,2026-07-05,2026_07_05.csv,match,EGG,360
365 LASAGNE 400G,1.45,540060135981,2026-07-05,2026_07_05.csv,match,PASTA,400
365 LASAGNE 400G,1.45,540060135981,2026-07-05,2026_07_05.csv,match,PASTA,400
RAISIN ROUGE SA PE,2.69,540011233672,2026-07-05,2026_07_05.csv,match,RAISIN,
700ML GIMB N 1 BIO,25.99,543000159801,2026-07-05,2026_07_05.csv,match,GINGER,700
PETIT LION HOUM NA,0.95,540011960123,2026-07-05,2026_07_05.csv,match,HUMMUS,200
PETIT LION HOUM NA,0.95,540011960123,2026-07-05,2026_07_05.csv,match,HUMMUS,200
DLL LABNEH ZAATAR,2.69,540011763267,2026-07-05,2026_07_05.csv,match,CREAM CHEESE,150
COURGETTE 1PC BIO 2X,3.1,540011959958,2026-07-05,2026_07_05.csv,match,ZUCCHINI,500
KIWI JAUNE,6.29,540011957673,2026-07-05,2026_07_05.csv,match,KIWI,800
JONAGOLD 6PC,2.19,540011235000,2026-07-05,2026_07_05.csv,match,APPLE,900
"NECTARINE JAUNE 1,036 KG",6.21,,2026-07-05,2026_07_05.csv,match,NECTARINE,1036
AVOCAT 6X,8.7,540011956924,2026-07-05,2026_07_05.csv,match,AVOCADO,1020
COCKTAIL GRAPPE TO,2.99,540011960951,2026-07-05,2026_07_05.csv,match,FRUIT COCKTAIL,
COCKTAIL GRAPPE TO,2.99,540011960951,2026-07-05,2026_07_05.csv,match,FRUIT COCKTAIL,
6PC POMME ROYAL GA,2.59,540011960133,2026-07-05,2026_07_05.csv,match,APPLE,900
TRAD CRACKER 250G,3.8,541116809002,2026-07-09,2026_07_09.csv,match,CRACKER,250
HOUMOUS MEDIT 200G,2.29,540011236240,2026-07-09,2026_07_09.csv,match,HUMMUS,200
HOUMOUS AIL TOMATE,2.49,540011962077,2026-07-09,2026_07_09.csv,match,HUMMUS,200
GUACAMOLE DO 200GR,3.15,540011238853,2026-07-09,2026_07_09.csv,match,GUACAMOLE,200.0
GUACAMOLE DO 200GR,3.15,540011238853,2026-07-09,2026_07_09.csv,match,GUACAMOLE,200.0
PATATE DCE CHILI M,2.69,540011763247,2026-07-09,2026_07_09.csv,match,SWEET POTATO,400
DLL CREME 35% 25CL 3X,3.69,540011958917,2026-07-09,2026_07_09.csv,match,CREAM,750
MACHE,1.39,540011230202,2026-07-09,2026_07_09.csv,match,SALAD GREENS,100
MACHE,1.39,540011230202,2026-07-09,2026_07_09.csv,match,SALAD GREENS,100
MACHE,1.39,540011230202,2026-07-09,2026_07_09.csv,match,SALAD GREENS,100
175GR JEUNES POUSS,2.39,540011236163,2026-07-09,2026_07_09.csv,ignore,,175.0
175GR JEUNES POUSS,2.39,540011236163,2026-07-09,2026_07_09.csv,ignore,,175.0
BANANES 1KG,1.29,540011958511,2026-07-09,2026_07_09.csv,match,BANANA,1000
CAROTTES BIO,2.09,540011239500,2026-07-09,2026_07_09.csv,match,CARROT,500
130G CRIPSBR PRV H,2.19,477121820094,2026-07-09,2026_07_09.csv,match,CRISPBREAD,130
CRISP BREAD ENTIER,2.39,477121820006,2026-07-09,2026_07_09.csv,match,CRISPBREAD,250
HACHIS PORC-VEAU,5.1,2040847005101,2026-07-09,2026_07_09.csv,match,PORK,500
MYRTILLES 300GR,5.75,540011960804,2026-07-09,2026_07_09.csv,match,BLUEBERRY,300
MYRTILLES 300GR,5.75,540011960804,2026-07-09,2026_07_09.csv,match,BLUEBERRY,300
340G MIEL D'ALGARV,5.49,541003820543,2026-07-09,2026_07_09.csv,match,HONEY,340
340G MIEL D'ALGARV,5.49,541003820543,2026-07-09,2026_07_09.csv,match,HONEY,340
APPEL PINK LADY 6P,3.15,370047661163,2026-07-09,2026_07_09.csv,match,APPLE,900
"NECTARINE BLANCHE 1,028 KG",5.64,,2026-07-09,2026_07_09.csv,match,NECTARINE,1028
CORDON BLEU,4.7,2042213004701,2026-07-09,2026_07_09.csv,match,CHICKEN,250
GRILLADE CURRY DOU,5.9,2208644005902,2026-07-09,2026_07_09.csv,match,CURRY,
GRILLADE CURRY DOU,5.64,2208644005643,2026-07-09,2026_07_09.csv,match,CURRY,
COCKTAIL GRAPPE TO,2.99,540011960951,2026-07-09,2026_07_09.csv,match,FRUIT COCKTAIL,
COCKTAIL GRAPPE TO,2.99,540011960951,2026-07-09,2026_07_09.csv,match,FRUIT COCKTAIL,
200GR HOUMOUS,2.29,540011759789,2026-07-09,2026_07_09.csv,match,HUMMUS,200
200GR HOUMOUS,2.29,540011759789,2026-07-09,2026_07_09.csv,match,HUMMUS,200
200GR HOUMOUS,2.29,540011759789,2026-07-09,2026_07_09.csv,match,HUMMUS,200
GRILL AGN MAR PROV,7.04,2200595007042,2026-07-09,2026_07_09.csv,match,LAMB,300
GRILL AGN MAR PROV,6.56,2200595006564,2026-07-09,2026_07_09.csv,match,LAMB,300
GRILLADE AGN.MAR.A,7.1,2200594007104,2026-07-09,2026_07_09.csv,match,LAMB,300
GRILLADE AGN.MAR.A,7.31,2200594007319,2026-07-09,2026_07_09.csv,match,LAMB,300
FRAISE 400GR 4X,15.96,540011960114,2026-07-09,2026_07_09.csv,match,STRAWBERRY,1600
200G DUYVIS CRAC A,1.95,871039801154,2026-07-09,2026_07_09.csv,ignore,,200.0
QUICHE JAM/POIREAU,5.79,540011954758,2026-07-09,2026_07_09.csv,match,PIE CRUST,450
QUICHE LORRAINE,4.69,540011756801,2026-07-09,2026_07_09.csv,match,PIE CRUST,400
LASAGNE BOLO 1KG,3.49,540011763215,2026-07-09,2026_07_09.csv,match,PASTA,1000
190G DEL CRISP AIL,3.29,730040048287,2026-07-09,2026_07_09.csv,match,CRACKER,190
COCKTAIL GRAPPE TO,2.99,540011960951,2026-07-09,2026_07_09.csv,match,FRUIT COCKTAIL,
TAM MOELLEUX CHOCO,9.99,541068364776,2026-07-09,2026_07_09.csv,match,SPONGE CAKE,500
ORANGE A JUS 3KG,4.69,540011234110,2026-07-09,2026_07_09.csv,match,ORANGE,3000
MINI GRENAILLES 50,1.89,540011238013,2026-07-09,2026_07_09.csv,match,POTATO,500
AVOCAT 5X,7.25,540011956924,2026-07-09,2026_07_09.csv,match,AVOCADO,850
RAISIN ROUGE SA PE,2.69,540011233672,2026-07-09,2026_07_09.csv,match,RAISIN,
CITRONS VERTS BIO,2.59,540011954892,2026-07-09,2026_07_09.csv,match,LIME,300
